Algorithm,Task,Dim,Pop_Size,Unroll,Gens,Framework,Mean_GPS,Mean_Time,Std_Time,Compile_Time,Best_Fitness,Fitness_Std,Normalized_Fitness
Standard_GA,ellipsoidal_rotated,20,127,1,2000,MalthusJAX,37990.98484831555,0.05264406827001949,0.00033898160506352465,1.184502538999368,1884882.69125,638767.3831623339,1884882.69125
Standard_GA,ellipsoidal_rotated,20,127,1,2000,Evosax,34311.488789933646,0.05828951381983643,0.0004649632571653674,1.5892409650041373,294157.43203125,56264.75241412773,294157.43203125
Standard_GA,ellipsoidal_rotated,20,127,25,2000,MalthusJAX,56191.095892537225,0.035592827800064696,0.00035843574453640913,20.420540831000835,1884882.69125,638767.3831623339,1884882.69125
Standard_GA,ellipsoidal_rotated,20,127,25,2000,Evosax,48996.584576608686,0.040819171729672234,0.0006102810396855422,37.73106132000248,294157.43203125,56264.75241412773,294157.43203125
Standard_GA,ellipsoidal_rotated,20,127,50,2000,MalthusJAX,56394.13771543964,0.035464679149663426,0.0006188958330619152,40.501555068003654,1884882.69125,638767.3831623339,1884882.69125
Standard_GA,ellipsoidal_rotated,20,127,50,2000,Evosax,49587.60289028054,0.040332661460270175,0.0013711748832702095,76.94797230300173,294157.43203125,56264.75241412773,294157.43203125
Standard_GA,ellipsoidal_rotated,20,128,1,2000,MalthusJAX,37737.48316029785,0.05299770500074374,0.0003656145771817889,1.153362388999085,1881709.90875,636389.1816242811,1881709.90875
Standard_GA,ellipsoidal_rotated,20,128,1,2000,Evosax,39357.925779712314,0.05081568604997301,0.000434046718275936,1.3723474139987957,282847.05421875,64578.34433253627,282847.05421875
Standard_GA,ellipsoidal_rotated,20,128,25,2000,MalthusJAX,50531.995556108464,0.03957888418990478,0.00042362002591112593,19.969436364001012,1881709.90875,636389.1816242811,1881709.90875
Standard_GA,ellipsoidal_rotated,20,128,25,2000,Evosax,55608.59815592474,0.035965661180525785,0.0005306344925605375,29.339306791996933,282847.05421875,64578.34433253627,282847.05421875
Standard_GA,ellipsoidal_rotated,20,128,50,2000,MalthusJAX,49276.06522104178,0.04058765632013092,0.0008381687013535815,38.535017693000555,1881709.90875,636389.1816242811,1881709.90875
Standard_GA,ellipsoidal_rotated,20,128,50,2000,Evosax,55186.1311930277,0.03624098947984748,0.0011099633233668778,61.284350884998275,282847.05421875,64578.34433253627,282847.05421875
Standard_GA,ellipsoidal_rotated,20,129,1,2000,MalthusJAX,35117.80020757243,0.05695117542039952,0.0003255529051600743,1.218424350998248,1881709.90875,636389.1816242811,1881709.90875
Standard_GA,ellipsoidal_rotated,20,129,1,2000,Evosax,32960.530066359854,0.06067863580996345,0.0005666981890830989,1.4781911309983116,284221.12125,63311.25499854499,284221.12125
Standard_GA,ellipsoidal_rotated,20,129,25,2000,MalthusJAX,52294.1260118052,0.03824521323003864,0.0003830964203592873,40.34464521799964,1881709.90875,636389.1816242811,1881709.90875
Standard_GA,ellipsoidal_rotated,20,129,25,2000,Evosax,40004.50061853749,0.0499943748597434,0.0005747585922609321,30.660816476003674,284221.12125,63311.25499854499,284221.12125
Standard_GA,ellipsoidal_rotated,20,129,50,2000,MalthusJAX,52794.17912849464,0.03788296423990687,0.0006508068923133874,90.02263394799957,1881709.90875,636389.1816242811,1881709.90875
Standard_GA,ellipsoidal_rotated,20,129,50,2000,Evosax,46606.11744223188,0.042912821529898795,0.0009620223510735,68.85816474300373,284221.12125,63311.25499854499,284221.12125
Standard_GA,ellipsoidal_rotated,20,1023,1,2000,MalthusJAX,29678.28708900363,0.06738933395994536,0.0002480537212079606,1.2858423610014142,901022.14828125,304141.2555935575,901022.14828125
Standard_GA,ellipsoidal_rotated,20,1023,1,2000,Evosax,28033.899949842402,0.07134219653984473,0.0004223983226288055,1.7336112269986188,179830.8209375,31327.408919507958,179830.8209375
Standard_GA,ellipsoidal_rotated,20,1023,25,2000,MalthusJAX,41923.19936101188,0.04770628269034205,0.0003938401660540223,21.130025375001424,901022.14828125,304141.2555935575,901022.14828125
Standard_GA,ellipsoidal_rotated,20,1023,25,2000,Evosax,34665.78534863132,0.057693774420113184,0.000513400920849063,39.45822376800061,179830.8209375,31327.408919507958,179830.8209375
Standard_GA,ellipsoidal_rotated,20,1023,50,2000,MalthusJAX,41522.111329045205,0.04816710749968479,0.0010885674906608584,43.498673822003184,901022.14828125,304141.2555935575,901022.14828125
Standard_GA,ellipsoidal_rotated,20,1023,50,2000,Evosax,35460.79753403945,0.056400310739772974,0.0013717134180819045,80.62991393000266,179830.8209375,31327.408919507958,179830.8209375
Standard_GA,ellipsoidal_rotated,20,1024,1,2000,MalthusJAX,27780.074985576954,0.07199404612976651,0.000515552599333427,1.330758173004142,901022.141796875,304141.26167419023,901022.141796875
Standard_GA,ellipsoidal_rotated,20,1024,1,2000,Evosax,29303.884995926514,0.06825033609973616,0.00036152707814794726,1.4848181619963725,178502.367734375,30126.10846115973,178502.367734375
Standard_GA,ellipsoidal_rotated,20,1024,25,2000,MalthusJAX,36543.188242691824,0.05472976213015499,0.0004575132233343551,22.56930187100079,901022.141796875,304141.26167419023,901022.141796875
Standard_GA,ellipsoidal_rotated,20,1024,25,2000,Evosax,37838.683053087916,0.05285596216956037,0.0006673259840814572,33.51270266099891,178502.367734375,30126.10846115973,178502.367734375
Standard_GA,ellipsoidal_rotated,20,1024,50,2000,MalthusJAX,36996.01900962944,0.05405987058984465,0.0008655890788800174,42.32137001799856,901022.141796875,304141.26167419023,901022.141796875
Standard_GA,ellipsoidal_rotated,20,1024,50,2000,Evosax,37757.724806087776,0.05296929331074352,0.001252098842873695,69.65494261400454,178502.367734375,30126.10846115973,178502.367734375
Standard_GA,ellipsoidal_rotated,20,1025,1,2000,MalthusJAX,26911.92348644262,0.07431650142018043,0.00022137263947166397,1.2413491609986522,901022.141796875,304141.26167419023,901022.141796875
Standard_GA,ellipsoidal_rotated,20,1025,1,2000,Evosax,26042.978496923617,0.07679613145002805,0.0003363452037463188,1.5101354770013131,182517.299921875,30460.53675304701,182517.299921875
Standard_GA,ellipsoidal_rotated,20,1025,25,2000,MalthusJAX,36435.880061848395,0.05489094806012872,0.00041561560434912574,19.17202421899856,901022.141796875,304141.26167419023,901022.141796875
Standard_GA,ellipsoidal_rotated,20,1025,25,2000,Evosax,31584.74522214888,0.0633217075500579,0.0005189591173322741,36.310245161999774,182517.299921875,30460.53675304701,182517.299921875
Standard_GA,ellipsoidal_rotated,20,1025,50,2000,MalthusJAX,36385.537652509745,0.054966894239696557,0.0008802053350902985,40.05687046199455,901022.141796875,304141.26167419023,901022.141796875
Standard_GA,ellipsoidal_rotated,20,1025,50,2000,Evosax,32408.26197573654,0.06171265838005638,0.0012920752481973279,76.88508569799887,182517.299921875,30460.53675304701,182517.299921875
Standard_GA,ellipsoidal_rotated,20,16383,1,2000,MalthusJAX,9809.344133672057,0.20388722964002226,0.0003913070014392627,2.279676398000447,444271.025546875,121590.71161187756,444271.025546875
Standard_GA,ellipsoidal_rotated,20,16383,1,2000,Evosax,9815.913875602266,0.20375076893971708,0.0002866801470427143,2.3011192940030014,113718.108828125,19267.78314188259,113718.108828125
Standard_GA,ellipsoidal_rotated,20,16383,25,2000,MalthusJAX,11333.556614967583,0.17646711160014092,0.0007225442240492408,36.03930226499506,444271.025546875,121590.71161187756,444271.025546875
Standard_GA,ellipsoidal_rotated,20,16383,25,2000,Evosax,9759.426339422973,0.2049300779002806,0.0009698713573973837,51.148061808999046,113718.108828125,19267.78314188259,113718.108828125
Standard_GA,ellipsoidal_rotated,20,16383,50,2000,MalthusJAX,11295.50399566467,0.17706159909001143,0.0023046966428040996,75.62251640400063,444271.025546875,121590.71161187756,444271.025546875
Standard_GA,ellipsoidal_rotated,20,16383,50,2000,Evosax,9750.436574512356,0.20511902053985978,0.002182534170547721,105.73679714200262,113718.108828125,19267.78314188259,113718.108828125
Standard_GA,ellipsoidal_rotated,20,16384,1,2000,MalthusJAX,10443.820342807177,0.19150080472012632,0.00033999661536920857,1.9423196439965977,444271.025546875,121590.71161187756,444271.025546875
Standard_GA,ellipsoidal_rotated,20,16384,1,2000,Evosax,10854.41805514221,0.1842567689801217,0.00037919551489143925,1.776328640000429,115373.770859375,19199.680110496738,115373.770859375
Standard_GA,ellipsoidal_rotated,20,16384,25,2000,MalthusJAX,11821.661524529549,0.1691809561498667,0.0007486148539734003,33.269716034999874,444271.025546875,121590.71161187756,444271.025546875
Standard_GA,ellipsoidal_rotated,20,16384,25,2000,Evosax,11587.108063870726,0.1726056224707281,0.000993195231081012,36.90024245100358,115373.770859375,19199.680110496738,115373.770859375
Standard_GA,ellipsoidal_rotated,20,16384,50,2000,MalthusJAX,11682.64349174815,0.1711941309698159,0.0022101822638058034,69.88767279700551,444271.025546875,121590.71161187756,444271.025546875
Standard_GA,ellipsoidal_rotated,20,16384,50,2000,Evosax,11720.830303353881,0.1706363754304766,0.0017978471743192027,76.12247821200435,115373.770859375,19199.680110496738,115373.770859375
Standard_GA,ellipsoidal_rotated,20,16385,1,2000,MalthusJAX,8370.245471701544,0.23894161847005307,0.0006432155697502916,1.9567585710028652,444271.025546875,121590.71161187756,444271.025546875
Standard_GA,ellipsoidal_rotated,20,16385,1,2000,Evosax,8610.225343615244,0.2322819578099734,0.0002502043089842386,1.9073001369979465,117872.476484375,18554.868108919294,117872.476484375
Standard_GA,ellipsoidal_rotated,20,16385,25,2000,MalthusJAX,9524.775124647964,0.20997871065999787,0.001029385219378145,28.07139405899943,444271.025546875,121590.71161187756,444271.025546875
Standard_GA,ellipsoidal_rotated,20,16385,25,2000,Evosax,9089.343935235776,0.22003788328955123,0.0010347385587780918,38.40892880600586,117872.476484375,18554.868108919294,117872.476484375
Standard_GA,ellipsoidal_rotated,20,16385,50,2000,MalthusJAX,9480.36057848245,0.21096244002990716,0.0027392857340224923,57.984944859999814,444271.025546875,121590.71161187756,444271.025546875
Standard_GA,ellipsoidal_rotated,20,16385,50,2000,Evosax,9148.384541175383,0.21861783257998468,0.002814471146491375,83.86452772500343,117872.476484375,18554.868108919294,117872.476484375
Standard_GA,ellipsoidal_rotated,20,2047,1,2000,MalthusJAX,23824.6910701694,0.08394652397000754,0.00030815711533939774,1.6615333320005448,770950.713828125,232816.2737347646,770950.713828125
Standard_GA,ellipsoidal_rotated,20,2047,1,2000,Evosax,22184.46840310189,0.09015316317971156,0.0003066472412009046,1.9195434329958516,161918.121796875,28026.932083889355,161918.121796875
Standard_GA,ellipsoidal_rotated,20,2047,25,2000,MalthusJAX,30385.18457249029,0.06582155179043184,0.0005847447522364692,23.574356547003845,770950.713828125,232816.2737347646,770950.713828125
Standard_GA,ellipsoidal_rotated,20,2047,25,2000,Evosax,26511.98538675914,0.07543757929946877,0.0006530156243635209,43.58808252799645,161918.121796875,28026.932083889355,161918.121796875
Standard_GA,ellipsoidal_rotated,20,2047,50,2000,MalthusJAX,31453.989461957437,0.06358493896041181,0.0009272041863268801,49.00617017699551,770950.713828125,232816.2737347646,770950.713828125
Standard_GA,ellipsoidal_rotated,20,2047,50,2000,Evosax,26869.250732362616,0.07443452814972261,0.002006764199683388,85.33396205499594,161918.121796875,28026.932083889355,161918.121796875
Standard_GA,ellipsoidal_rotated,20,2048,1,2000,MalthusJAX,23147.724590302816,0.0864015809501143,0.0004859883377718833,1.331812121999974,770950.713828125,232816.2737347646,770950.713828125
Standard_GA,ellipsoidal_rotated,20,2048,1,2000,Evosax,23484.74961167621,0.08516164886023034,0.0003241350472066027,1.5336410039963084,158461.398828125,27989.711931015838,158461.398828125
Standard_GA,ellipsoidal_rotated,20,2048,25,2000,MalthusJAX,28010.8562762409,0.07140088758002093,0.0005436103318581573,25.422947038998245,770950.713828125,232816.2737347646,770950.713828125
Standard_GA,ellipsoidal_rotated,20,2048,25,2000,Evosax,28160.190675885013,0.07102224636968459,0.0006817078525214206,35.659647591004614,158461.398828125,27989.711931015838,158461.398828125
Standard_GA,ellipsoidal_rotated,20,2048,50,2000,MalthusJAX,29166.977459166716,0.0685706978997041,0.0008791859746317173,49.423113509998075,770950.713828125,232816.2737347646,770950.713828125
Standard_GA,ellipsoidal_rotated,20,2048,50,2000,Evosax,28639.05458472312,0.0698347074999765,0.0009714957252798383,71.66458095999405,158461.398828125,27989.711931015838,158461.398828125
Standard_GA,ellipsoidal_rotated,20,2049,1,2000,MalthusJAX,21213.92332004873,0.09427770478032471,0.00036855883485774257,1.3475043930011452,770950.713828125,232816.2737347646,770950.713828125
Standard_GA,ellipsoidal_rotated,20,2049,1,2000,Evosax,20078.73829232428,0.09960785239003599,0.0003998786167235,1.5609189460010384,160521.77609375,29138.744748467216,160521.77609375
Standard_GA,ellipsoidal_rotated,20,2049,25,2000,MalthusJAX,26318.71274847932,0.0759915585201088,0.0004475384447847446,22.31845155400515,770950.713828125,232816.2737347646,770950.713828125
Standard_GA,ellipsoidal_rotated,20,2049,25,2000,Evosax,23530.605206655484,0.0849956889096211,0.0006275607857148313,37.33772442500049,160521.77609375,29138.744748467216,160521.77609375
Standard_GA,ellipsoidal_rotated,20,2049,50,2000,MalthusJAX,26996.98160838338,0.07408235590970434,0.000780387365388865,44.60795605900057,770950.713828125,232816.2737347646,770950.713828125
Standard_GA,ellipsoidal_rotated,20,2049,50,2000,Evosax,23907.77850340216,0.08365478204992542,0.001027059765639788,76.3783393670019,160521.77609375,29138.744748467216,160521.77609375
Standard_GA,ellipsoidal_rotated,20,4095,1,2000,MalthusJAX,16228.484267949734,0.1232400985192362,0.00020592084868016123,1.35303258899512,643191.068046875,185936.99215487335,643191.068046875
Standard_GA,ellipsoidal_rotated,20,4095,1,2000,Evosax,14489.623124351887,0.13802981505010392,0.0002725429692123645,1.8176556209946284,145382.358984375,24307.653681822958,145382.358984375
Standard_GA,ellipsoidal_rotated,20,4095,25,2000,MalthusJAX,19067.21960987092,0.10489206297097553,0.00038886455088213634,21.52638258499792,643191.068046875,185936.99215487335,643191.068046875
Standard_GA,ellipsoidal_rotated,20,4095,25,2000,Evosax,16799.65990026761,0.11905002910018084,0.0005426586971540718,40.89297349499975,145382.358984375,24307.653681822958,145382.358984375
Standard_GA,ellipsoidal_rotated,20,4095,50,2000,MalthusJAX,19074.566221414025,0.10485166355996625,0.0008221289167926473,45.486850164001225,643191.068046875,185936.99215487335,643191.068046875
Standard_GA,ellipsoidal_rotated,20,4095,50,2000,Evosax,16893.669829470215,0.11838753924923368,0.001123136277583203,83.67278082999837,145382.358984375,24307.653681822958,145382.358984375
Standard_GA,ellipsoidal_rotated,20,4096,1,2000,MalthusJAX,16303.355470989545,0.12267413315981684,0.0004062640222377116,1.3841594550031004,643191.068046875,185936.99215487335,643191.068046875
Standard_GA,ellipsoidal_rotated,20,4096,1,2000,Evosax,15833.711467809115,0.12631277284963288,0.0001679962545508154,1.5512476639996748,140075.635859375,21421.366907811134,140075.635859375
Standard_GA,ellipsoidal_rotated,20,4096,25,2000,MalthusJAX,18656.77958638137,0.10719963704024849,0.00043355187761162374,25.53907613499905,643191.068046875,185936.99215487335,643191.068046875
Standard_GA,ellipsoidal_rotated,20,4096,25,2000,Evosax,17726.67067529948,0.11282434455031762,0.0005611319128699184,36.06462110999564,140075.635859375,21421.366907811134,140075.635859375
Standard_GA,ellipsoidal_rotated,20,4096,50,2000,MalthusJAX,18791.50642453832,0.10643106277995684,0.0008924396615080399,49.25114372099779,643191.068046875,185936.99215487335,643191.068046875
Standard_GA,ellipsoidal_rotated,20,4096,50,2000,Evosax,18064.424802732996,0.1107148454401613,0.001088326244434603,74.66250463500182,140075.635859375,21421.366907811134,140075.635859375
Standard_GA,ellipsoidal_rotated,20,4097,1,2000,MalthusJAX,13733.173119565248,0.145632766920462,0.00026128136880179177,1.3115793670003768,643191.07078125,185936.99152557735,643191.07078125
Standard_GA,ellipsoidal_rotated,20,4097,1,2000,Evosax,12835.069172007783,0.15582307919008598,0.00033593841095820294,1.6072509879959398,144758.346796875,25575.309352683573,144758.346796875
Standard_GA,ellipsoidal_rotated,20,4097,25,2000,MalthusJAX,15706.885535869147,0.12733269084012136,0.0004194789141498316,20.278635105998546,643191.07078125,185936.99152557735,643191.07078125
Standard_GA,ellipsoidal_rotated,20,4097,25,2000,Evosax,14124.007408072783,0.1416028710702085,0.0005708139675612077,37.16481650600326,144758.346796875,25575.309352683573,144758.346796875
Standard_GA,ellipsoidal_rotated,20,4097,50,2000,MalthusJAX,15688.699923721333,0.12748028898022312,0.0009791335891819824,43.63439141999697,643191.07078125,185936.99152557735,643191.07078125
Standard_GA,ellipsoidal_rotated,20,4097,50,2000,Evosax,14298.464768046982,0.13987515669999995,0.0012934041797201946,76.6943368400025,144758.346796875,25575.309352683573,144758.346796875
Standard_GA,ellipsoidal_rotated,20,8191,1,2000,MalthusJAX,12995.528479207436,0.15389908945988282,0.00024209624361337927,1.8007795390003594,532074.08890625,167533.14424981427,532074.08890625
Standard_GA,ellipsoidal_rotated,20,8191,1,2000,Evosax,11981.871161723666,0.1669188370501797,0.0002782398099785311,2.125245836999966,127378.0154296875,22648.656162697247,127378.0154296875
Standard_GA,ellipsoidal_rotated,20,8191,25,2000,MalthusJAX,15189.063606495347,0.1316736865296116,0.0005033447732147232,31.581705408003472,532074.08890625,167533.14424981427,532074.08890625
Standard_GA,ellipsoidal_rotated,20,8191,25,2000,Evosax,13557.231557569512,0.1475227439693117,0.0007587051591637855,51.189682949996495,127378.0154296875,22648.656162697247,127378.0154296875
Standard_GA,ellipsoidal_rotated,20,8191,50,2000,MalthusJAX,15180.654603200941,0.13174662438985252,0.0010943146103353759,64.74684980799793,532074.08890625,167533.14424981427,532074.08890625
Standard_GA,ellipsoidal_rotated,20,8191,50,2000,Evosax,12779.64410928648,0.1564988807901682,0.001724733206701178,104.7220261409966,127378.0154296875,22648.656162697247,127378.0154296875
Standard_GA,ellipsoidal_rotated,20,8192,1,2000,MalthusJAX,13267.20547723503,0.1507476464001229,0.00048409462562502766,1.4244065689999843,532074.091171875,167533.14970087432,532074.091171875
Standard_GA,ellipsoidal_rotated,20,8192,1,2000,Evosax,13017.252455857033,0.15364225336968956,0.000274365484743971,1.5400524849974317,128078.88234375,20765.40070319694,128078.88234375
Standard_GA,ellipsoidal_rotated,20,8192,25,2000,MalthusJAX,15312.986535393213,0.13060809499031165,0.0005503331595173973,26.995488077001937,532074.091171875,167533.14970087432,532074.091171875
Standard_GA,ellipsoidal_rotated,20,8192,25,2000,Evosax,14950.587573620323,0.13377400655001112,0.0007087768172140136,37.25029597699904,128078.88234375,20765.40070319694,128078.88234375
Standard_GA,ellipsoidal_rotated,20,8192,50,2000,MalthusJAX,15196.288843032828,0.13161108088024775,0.001135737266530135,57.12586066800577,532074.091171875,167533.14970087432,532074.091171875
Standard_GA,ellipsoidal_rotated,20,8192,50,2000,Evosax,15122.465380090454,0.13225356777031266,0.0014667099498999418,76.30657155800145,128078.88234375,20765.40070319694,128078.88234375
Standard_GA,ellipsoidal_rotated,20,8193,1,2000,MalthusJAX,11086.345712693043,0.18040209567974672,0.00031053659923624107,1.4318380080003408,532074.091171875,167533.14970087432,532074.091171875
Standard_GA,ellipsoidal_rotated,20,8193,1,2000,Evosax,10678.230840425083,0.1872969436499261,0.0003480160893594554,1.7473167709977133,126916.959921875,22507.03270425252,126916.959921875
Standard_GA,ellipsoidal_rotated,20,8193,25,2000,MalthusJAX,12572.105079498326,0.15908234836992052,0.0005876886396924862,23.167592814999807,532074.091171875,167533.14970087432,532074.091171875
Standard_GA,ellipsoidal_rotated,20,8193,25,2000,Evosax,11596.743755160995,0.17246220510045532,0.0008634297208871153,39.56003983399569,126916.959921875,22507.03270425252,126916.959921875
Standard_GA,ellipsoidal_rotated,20,8193,50,2000,MalthusJAX,12584.817314344025,0.15892165536009997,0.001198020389831593,48.52264887500496,532074.091171875,167533.14970087432,532074.091171875
Standard_GA,ellipsoidal_rotated,20,8193,50,2000,Evosax,11698.42127931951,0.17096323958990978,0.0017646970000808385,82.794143385996,126916.959921875,22507.03270425252,126916.959921875
Standard_GA,ellipsoidal_rotated,50,127,1,2000,MalthusJAX,36448.58050962304,0.05487182139979268,0.0004077705365536825,1.1787442010027007,12617001.48,2514987.640451526,12617001.48
Standard_GA,ellipsoidal_rotated,50,127,1,2000,Evosax,33441.05178231072,0.05980673134981771,0.00036050851686119767,1.542564465002215,4230529.0075,597228.6458580662,4230529.0075
Standard_GA,ellipsoidal_rotated,50,127,25,2000,MalthusJAX,53746.460561519,0.037211752720177176,0.0003952117738287409,19.651162207999732,12617001.48,2514987.640451526,12617001.48
Standard_GA,ellipsoidal_rotated,50,127,25,2000,Evosax,45683.360940167964,0.04377961600985145,0.0006505823075727146,36.508450184999674,4230529.0075,597228.6458580662,4230529.0075
Standard_GA,ellipsoidal_rotated,50,127,50,2000,MalthusJAX,53307.32245912923,0.0375182978198427,0.0005961391964213862,38.14543789000163,12617001.48,2514987.640451526,12617001.48
Standard_GA,ellipsoidal_rotated,50,127,50,2000,Evosax,46342.0451957371,0.04315735292977479,0.0013884448397568758,73.44678557400039,4230529.0075,597228.6458580662,4230529.0075
Standard_GA,ellipsoidal_rotated,50,128,1,2000,MalthusJAX,35837.41441195476,0.05580759752949234,0.00027299175495919053,1.5812570979978773,12590840.16,2510533.574871163,12590840.16
Standard_GA,ellipsoidal_rotated,50,128,1,2000,Evosax,37325.55231714458,0.05358259626023937,0.00022527909120719067,1.3889062899979763,4338861.79625,656479.964821414,4338861.79625
Standard_GA,ellipsoidal_rotated,50,128,25,2000,MalthusJAX,46057.392486438504,0.04342408225973486,0.00042042946893787903,20.050249125997652,12590840.16,2510533.574871163,12590840.16
Standard_GA,ellipsoidal_rotated,50,128,25,2000,Evosax,50145.73466191317,0.03988375110035122,0.00053782069763477,29.26023599900509,4338861.79625,656479.964821414,4338861.79625
Standard_GA,ellipsoidal_rotated,50,128,50,2000,MalthusJAX,46351.798476162985,0.04314827182010049,0.0008337435702948863,39.524382748997596,12590840.16,2510533.574871163,12590840.16
Standard_GA,ellipsoidal_rotated,50,128,50,2000,Evosax,51705.158919440764,0.038680859740052254,0.0011158906273060624,61.603178828001546,4338861.79625,656479.964821414,4338861.79625
Standard_GA,ellipsoidal_rotated,50,129,1,2000,MalthusJAX,34547.74232844135,0.057890902999861285,0.00033633467260819465,1.117675433997647,12560953.84,2483365.72377828,12560953.84
Standard_GA,ellipsoidal_rotated,50,129,1,2000,Evosax,31851.319234284387,0.06279174766008509,0.0003666260896806375,1.4162609960039845,4380461.9875,531847.5868436915,4380461.9875
Standard_GA,ellipsoidal_rotated,50,129,25,2000,MalthusJAX,50874.358379961974,0.03931253510978422,0.00035254199971485983,21.042005244999018,12560953.84,2483365.72377828,12560953.84
Standard_GA,ellipsoidal_rotated,50,129,25,2000,Evosax,38840.18089097962,0.05149306604966114,0.0005035951773299066,29.062468219002767,4380461.9875,531847.5868436915,4380461.9875
Standard_GA,ellipsoidal_rotated,50,129,50,2000,MalthusJAX,51160.9563414445,0.039092310680280205,0.0006760261580176319,41.20347401199979,12560953.84,2483365.72377828,12560953.84
Standard_GA,ellipsoidal_rotated,50,129,50,2000,Evosax,44298.4316846653,0.04514832521017524,0.0009762732434359459,68.26883799100324,4380461.9875,531847.5868436915,4380461.9875
Standard_GA,ellipsoidal_rotated,50,1023,1,2000,MalthusJAX,29193.587626358458,0.06850819521045196,0.0002275631617607809,1.4088156029974925,9053187.65,1538417.7189996764,9053187.65
Standard_GA,ellipsoidal_rotated,50,1023,1,2000,Evosax,27132.907872463096,0.07371122952987207,0.0002456250643995895,1.802808846005064,3233116.3425,313999.53771636484,3233116.3425
Standard_GA,ellipsoidal_rotated,50,1023,25,2000,MalthusJAX,41357.874421337336,0.04835838466031419,0.0003843644004533565,22.023668363995967,9053187.65,1538417.7189996764,9053187.65
Standard_GA,ellipsoidal_rotated,50,1023,25,2000,Evosax,34205.48076048552,0.058470161960431144,0.0006061473105610646,39.53995889699581,3233116.3425,313999.53771636484,3233116.3425
Standard_GA,ellipsoidal_rotated,50,1023,50,2000,MalthusJAX,41498.50676400036,0.04819450519928068,0.0008553488350915943,45.495788034000725,9053187.65,1538417.7189996764,9053187.65
Standard_GA,ellipsoidal_rotated,50,1023,50,2000,Evosax,35034.38940348073,0.057086766290303785,0.0013007206506681797,82.16051927999797,3233116.3425,313999.53771636484,3233116.3425
Standard_GA,ellipsoidal_rotated,50,1024,1,2000,MalthusJAX,27773.560470761036,0.07201093291965663,0.00043409974573612484,1.7533279119961662,9053187.65,1538417.7189996764,9053187.65
Standard_GA,ellipsoidal_rotated,50,1024,1,2000,Evosax,29019.748838362,0.06891858406976098,0.00034090541500382765,1.56956940600503,3226704.595,356941.726081835,3226704.595
Standard_GA,ellipsoidal_rotated,50,1024,25,2000,MalthusJAX,36654.15426447447,0.05456407439029135,0.00041260421838902313,25.44278462800139,9053187.65,1538417.7189996764,9053187.65
Standard_GA,ellipsoidal_rotated,50,1024,25,2000,Evosax,36927.504280676156,0.05416017245028343,0.000553222923816182,33.23555190300249,3226704.595,356941.726081835,3226704.595
Standard_GA,ellipsoidal_rotated,50,1024,50,2000,MalthusJAX,35885.894168634746,0.05573220470978413,0.0008845115951306737,53.87518791200273,9053187.65,1538417.7189996764,9053187.65
Standard_GA,ellipsoidal_rotated,50,1024,50,2000,Evosax,36958.63208460636,0.054114556930071556,0.00100948253030884,69.17582840500108,3226704.595,356941.726081835,3226704.595
Standard_GA,ellipsoidal_rotated,50,1025,1,2000,MalthusJAX,26940.514819661297,0.0742376310693362,0.00020155545593476625,1.3433814870004426,9053187.65,1538417.7189996764,9053187.65
Standard_GA,ellipsoidal_rotated,50,1025,1,2000,Evosax,25765.09884199314,0.07762438686011591,0.00033490530190809366,1.6590409369964618,3253622.76,385281.038115951,3253622.76
Standard_GA,ellipsoidal_rotated,50,1025,25,2000,MalthusJAX,36673.53184196527,0.05453524379976443,0.00036847655886900344,21.545908473002783,9053187.65,1538417.7189996764,9053187.65
Standard_GA,ellipsoidal_rotated,50,1025,25,2000,Evosax,31985.730392986967,0.06252788275982311,0.0005532692159409283,36.620991155999945,3253622.76,385281.038115951,3253622.76
Standard_GA,ellipsoidal_rotated,50,1025,50,2000,MalthusJAX,36866.05372714668,0.05425044988005538,0.0007692664567253353,42.4799184999938,9053187.65,1538417.7189996764,9053187.65
Standard_GA,ellipsoidal_rotated,50,1025,50,2000,Evosax,31832.842322159642,0.06282819422027387,0.0011483110550130262,74.3986918629962,3253622.76,385281.038115951,3253622.76
Standard_GA,ellipsoidal_rotated,50,16383,1,2000,MalthusJAX,8530.66477540786,0.23444831706030528,0.000334210466403544,1.991589217002911,6049012.325,963932.3034944981,6049012.325
Standard_GA,ellipsoidal_rotated,50,16383,1,2000,Evosax,8581.019188481705,0.23307254721963544,0.00020519806021441974,2.441376090995618,2460921.78,232248.25003323567,2460921.78
Standard_GA,ellipsoidal_rotated,50,16383,25,2000,MalthusJAX,9632.734766130832,0.20762535754976852,0.0007677513102485599,36.6236602239951,6049012.325,963932.3034944981,6049012.325
Standard_GA,ellipsoidal_rotated,50,16383,25,2000,Evosax,8631.859716215526,0.23169978031997743,0.0010579657029180694,49.76614329899894,2460921.78,232248.25003323567,2460921.78
Standard_GA,ellipsoidal_rotated,50,16383,50,2000,MalthusJAX,9629.635901505326,0.2076921724202839,0.0022568144949425733,74.18678039700171,6049012.325,963932.3034944981,6049012.325
Standard_GA,ellipsoidal_rotated,50,16383,50,2000,Evosax,8700.715365325514,0.22986615651978354,0.001997229523121975,103.56698615700589,2460921.78,232248.25003323567,2460921.78
Standard_GA,ellipsoidal_rotated,50,16384,1,2000,MalthusJAX,9405.209831854034,0.21264809991014771,0.0003760324639996789,2.001339973998256,6049012.325,963932.3034944981,6049012.325
Standard_GA,ellipsoidal_rotated,50,16384,1,2000,Evosax,9307.057982723076,0.2148906779900426,0.00035634935517181535,2.029118409001967,2436904.29,252715.53086446322,2436904.29
Standard_GA,ellipsoidal_rotated,50,16384,25,2000,MalthusJAX,9924.735195004238,0.2015167116001976,0.0007619595459347903,36.78402365100192,6049012.325,963932.3034944981,6049012.325
Standard_GA,ellipsoidal_rotated,50,16384,25,2000,Evosax,10102.161221367796,0.1979774383098993,0.0008742441120745872,36.44021974900534,2436904.29,252715.53086446322,2436904.29
Standard_GA,ellipsoidal_rotated,50,16384,50,2000,MalthusJAX,9624.535881839445,0.20780222802990467,0.0022495841928342466,77.34385569900041,6049012.325,963932.3034944981,6049012.325
Standard_GA,ellipsoidal_rotated,50,16384,50,2000,Evosax,10155.573572279565,0.19693619328987552,0.0019058116602030475,75.00319248400046,2436904.29,252715.53086446322,2436904.29
Standard_GA,ellipsoidal_rotated,50,16385,1,2000,MalthusJAX,7565.36686875581,0.264362592680045,0.00046005810956099976,1.746924213002785,6049012.325,963932.3034944981,6049012.325
Standard_GA,ellipsoidal_rotated,50,16385,1,2000,Evosax,7656.424620642273,0.2612185320296703,0.00042171834045416217,2.0202950299935765,2436993.1,271991.7392868244,2436993.1
Standard_GA,ellipsoidal_rotated,50,16385,25,2000,MalthusJAX,8497.666922095563,0.23535871885018422,0.0008576172524454268,28.686051966004015,6049012.325,963932.3034944981,6049012.325
Standard_GA,ellipsoidal_rotated,50,16385,25,2000,Evosax,8253.78102027238,0.2423131889600336,0.0011156530592718384,39.429658423003275,2436993.1,271991.7392868244,2436993.1
Standard_GA,ellipsoidal_rotated,50,16385,50,2000,MalthusJAX,8504.373490688162,0.23517311442046776,0.0023280355867681497,57.347654036995664,6049012.325,963932.3034944981,6049012.325
Standard_GA,ellipsoidal_rotated,50,16385,50,2000,Evosax,8257.363697050338,0.24220805494063824,0.00234942129268366,78.84018006899714,2436993.1,271991.7392868244,2436993.1
Standard_GA,ellipsoidal_rotated,50,2047,1,2000,MalthusJAX,23383.446219421858,0.0855305920792307,0.0002350823865091894,1.3237043760018423,8014544.575,1201148.891821895,8014544.575
Standard_GA,ellipsoidal_rotated,50,2047,1,2000,Evosax,20998.992925217193,0.09524266268970677,0.0002195944285163782,1.8257981549977558,2996729.565,304205.6045990372,2996729.565
Standard_GA,ellipsoidal_rotated,50,2047,25,2000,MalthusJAX,30088.133604281695,0.06647138790009194,0.0003868415350186663,22.162358182999014,8014544.575,1201148.891821895,8014544.575
Standard_GA,ellipsoidal_rotated,50,2047,25,2000,Evosax,26324.068278707215,0.07597609833042952,0.0005845360913291356,41.78451711499656,2996729.565,304205.6045990372,2996729.565
Standard_GA,ellipsoidal_rotated,50,2047,50,2000,MalthusJAX,30748.640557009407,0.0650435259500955,0.0008028083127021316,47.863315647999116,8014544.575,1201148.891821895,8014544.575
Standard_GA,ellipsoidal_rotated,50,2047,50,2000,Evosax,26092.27659834067,0.07665103474057106,0.0011489456678538317,82.5238213470002,2996729.565,304205.6045990372,2996729.565
Standard_GA,ellipsoidal_rotated,50,2048,1,2000,MalthusJAX,22683.57195215649,0.08816953538967937,0.0004698320370778168,1.830015445004392,8014544.575,1201148.891821895,8014544.575
Standard_GA,ellipsoidal_rotated,50,2048,1,2000,Evosax,21815.397888582564,0.09167836453016207,0.00025662653669082506,1.57390870800009,3003251.09625,345127.57219958206,3003251.09625
Standard_GA,ellipsoidal_rotated,50,2048,25,2000,MalthusJAX,28023.44674428823,0.07136880835001648,0.00036601911841388154,25.508316437997564,8014544.575,1201148.891821895,8014544.575
Standard_GA,ellipsoidal_rotated,50,2048,25,2000,Evosax,27496.340387315086,0.07273695232994214,0.0006324246947445636,34.637048720003804,3003251.09625,345127.57219958206,3003251.09625
Standard_GA,ellipsoidal_rotated,50,2048,50,2000,MalthusJAX,28359.4286310238,0.07052328260986541,0.0008278945340751647,52.84911676400225,8014544.575,1201148.891821895,8014544.575
Standard_GA,ellipsoidal_rotated,50,2048,50,2000,Evosax,27415.45388648654,0.07295155528998293,0.0010308057204920697,71.92728543800331,3003251.09625,345127.57219958206,3003251.09625
Standard_GA,ellipsoidal_rotated,50,2049,1,2000,MalthusJAX,20890.2133977943,0.09573861032033165,0.0002926017695664034,1.2948571800006903,8014544.575,1201148.891821895,8014544.575
Standard_GA,ellipsoidal_rotated,50,2049,1,2000,Evosax,18864.365875977383,0.10601999628022896,0.00028415758208268365,1.6941504860005807,2962997.6875,300846.8652606077,2962997.6875
Standard_GA,ellipsoidal_rotated,50,2049,25,2000,MalthusJAX,26150.428402764413,0.07648058261976985,0.00039268921685813924,20.78747626800032,8014544.575,1201148.891821895,8014544.575
Standard_GA,ellipsoidal_rotated,50,2049,25,2000,Evosax,23298.89359679815,0.08584098604042083,0.0006463125633315097,37.3865151889986,2962997.6875,300846.8652606077,2962997.6875
Standard_GA,ellipsoidal_rotated,50,2049,50,2000,MalthusJAX,26799.293407483357,0.07462883329011674,0.0007088922243215113,41.3311199880045,8014544.575,1201148.891821895,8014544.575
Standard_GA,ellipsoidal_rotated,50,2049,50,2000,Evosax,23314.055589952382,0.08578516047040466,0.0012817627059098537,75.84614185200189,2962997.6875,300846.8652606077,2962997.6875
Standard_GA,ellipsoidal_rotated,50,4095,1,2000,MalthusJAX,15173.697434908925,0.13180703046040435,0.0002530346843199995,1.5346592149944627,7373721.6575,1220175.244027895,7373721.6575
Standard_GA,ellipsoidal_rotated,50,4095,1,2000,Evosax,13904.865528199634,0.14383454453003652,0.00026056230379381773,1.8571946150041185,2832559.2025,262976.75414598366,2832559.2025
Standard_GA,ellipsoidal_rotated,50,4095,25,2000,MalthusJAX,17999.452432500126,0.11111449126023216,0.00036508335223270095,23.040704286999244,7373721.6575,1220175.244027895,7373721.6575
Standard_GA,ellipsoidal_rotated,50,4095,25,2000,Evosax,16154.52731471953,0.12380430334087578,0.0005592862216437866,41.803705402999185,2832559.2025,262976.75414598366,2832559.2025
Standard_GA,ellipsoidal_rotated,50,4095,50,2000,MalthusJAX,18016.56894703106,0.11100892771981308,0.0006402194020489916,48.41828161900048,7373721.6575,1220175.244027895,7373721.6575
Standard_GA,ellipsoidal_rotated,50,4095,50,2000,Evosax,16063.921676702754,0.12450259906960127,0.0010619547853978758,81.85521639299986,2832559.2025,262976.75414598366,2832559.2025
Standard_GA,ellipsoidal_rotated,50,4096,1,2000,MalthusJAX,15527.785033597575,0.1288013709407096,0.0005276127796820096,2.0323823430007906,7373721.6575,1220175.244027895,7373721.6575
Standard_GA,ellipsoidal_rotated,50,4096,1,2000,Evosax,14660.81456908216,0.1364180680804566,0.0002751235972402974,1.6557037039965508,2833572.165,242386.37424565616,2833572.165
Standard_GA,ellipsoidal_rotated,50,4096,25,2000,MalthusJAX,18105.957667552084,0.11046087905000604,0.0004469665279597923,28.11060575999727,7373721.6575,1220175.244027895,7373721.6575
Standard_GA,ellipsoidal_rotated,50,4096,25,2000,Evosax,17065.492490907473,0.11719556297983218,0.0005883952638901284,36.6194381230016,2833572.165,242386.37424565616,2833572.165
Standard_GA,ellipsoidal_rotated,50,4096,50,2000,MalthusJAX,18021.439175579988,0.11097892795987718,0.0008286295637821151,59.01196417799656,7373721.6575,1220175.244027895,7373721.6575
Standard_GA,ellipsoidal_rotated,50,4096,50,2000,Evosax,17386.05179478282,0.11503474300014205,0.0011031660687976911,74.84609606800223,2833572.165,242386.37424565616,2833572.165
Standard_GA,ellipsoidal_rotated,50,4097,1,2000,MalthusJAX,13241.907617258254,0.15103564061973884,0.00023774455743332288,1.41378626099322,7373721.6575,1220175.244027895,7373721.6575
Standard_GA,ellipsoidal_rotated,50,4097,1,2000,Evosax,12073.170087194834,0.1656565744999534,0.0002159072743617006,1.745256538000831,2788505.51,304491.3576361126,2788505.51
Standard_GA,ellipsoidal_rotated,50,4097,25,2000,MalthusJAX,15243.605761501443,0.13120255347006604,0.0005044173520506643,21.90734799599886,7373721.6575,1220175.244027895,7373721.6575
Standard_GA,ellipsoidal_rotated,50,4097,25,2000,Evosax,13853.284267632527,0.1443700974701642,0.0006387825293588876,37.28460977500072,2788505.51,304491.3576361126,2788505.51
Standard_GA,ellipsoidal_rotated,50,4097,50,2000,MalthusJAX,15239.72084436014,0.1312359996895975,0.0009713467716326442,44.17986819300131,7373721.6575,1220175.244027895,7373721.6575
Standard_GA,ellipsoidal_rotated,50,4097,50,2000,Evosax,13814.657886374087,0.14477376251008536,0.0012780949517491086,75.15765268299583,2788505.51,304491.3576361126,2788505.51
Standard_GA,ellipsoidal_rotated,50,8191,1,2000,MalthusJAX,11497.025046154497,0.17395804496998607,0.00022263310276663404,1.7331069640058558,6576501.4825,968327.6483736123,6576501.4825
Standard_GA,ellipsoidal_rotated,50,8191,1,2000,Evosax,11034.147361320136,0.18125550933014892,0.00019022485865087253,2.3096428049975657,2598119.31,271305.60699093185,2598119.31
Standard_GA,ellipsoidal_rotated,50,8191,25,2000,MalthusJAX,13343.767605391165,0.14988270622998243,0.00047097773755678727,31.876957707005204,6576501.4825,968327.6483736123,6576501.4825
Standard_GA,ellipsoidal_rotated,50,8191,25,2000,Evosax,11206.13811204866,0.17847361686981458,0.0007438197547589385,52.82875956800126,2598119.31,271305.60699093185,2598119.31
Standard_GA,ellipsoidal_rotated,50,8191,50,2000,MalthusJAX,13315.105928038996,0.15020533901937597,0.0011273362863166404,66.81409515700216,6576501.4825,968327.6483736123,6576501.4825
Standard_GA,ellipsoidal_rotated,50,8191,50,2000,Evosax,11362.120637356777,0.17602347870029916,0.0018049093205383705,108.18107350799983,2598119.31,271305.60699093185,2598119.31
Standard_GA,ellipsoidal_rotated,50,8192,1,2000,MalthusJAX,11861.719831330245,0.16860961381986272,0.0005215134869008392,1.3891049189987825,6576501.4825,968327.6483736123,6576501.4825
Standard_GA,ellipsoidal_rotated,50,8192,1,2000,Evosax,11821.340731819639,0.16918554717034567,0.00029390068491055713,1.8009332489964436,2596587.20875,237227.29814100763,2596587.20875
Standard_GA,ellipsoidal_rotated,50,8192,25,2000,MalthusJAX,13691.047215439881,0.14608086354011904,0.0005437308668151259,29.720859136999934,6576501.4825,968327.6483736123,6576501.4825
Standard_GA,ellipsoidal_rotated,50,8192,25,2000,Evosax,13251.12203565488,0.15093061512969144,0.0007542911090832277,38.71940016499866,2596587.20875,237227.29814100763,2596587.20875
Standard_GA,ellipsoidal_rotated,50,8192,50,2000,MalthusJAX,13438.092861991478,0.14883064289999312,0.0011789230245368594,58.45192869799939,6576501.4825,968327.6483736123,6576501.4825
Standard_GA,ellipsoidal_rotated,50,8192,50,2000,Evosax,13414.43637800019,0.1490931071304658,0.0015074887179521382,77.42032228600146,2596587.20875,237227.29814100763,2596587.20875
Standard_GA,ellipsoidal_rotated,50,8193,1,2000,MalthusJAX,10070.998013712162,0.1985900500900607,0.0002065476485936523,1.5067446200046106,6576501.4825,968327.6483736123,6576501.4825
Standard_GA,ellipsoidal_rotated,50,8193,1,2000,Evosax,9931.416551698272,0.20138114130939358,0.00034089033056469524,1.8782189960038522,2651552.225,268846.77942948806,2651552.225
Standard_GA,ellipsoidal_rotated,50,8193,25,2000,MalthusJAX,11400.803295266332,0.17542623516979802,0.0006146147399925198,24.736596340997494,6576501.4825,968327.6483736123,6576501.4825
Standard_GA,ellipsoidal_rotated,50,8193,25,2000,Evosax,10716.919312390339,0.1866207948106603,0.0008847395468630827,40.616505785998015,2651552.225,268846.77942948806,2651552.225
Standard_GA,ellipsoidal_rotated,50,8193,50,2000,MalthusJAX,11386.885807520392,0.1756406478300778,0.0012578673639538594,50.11284546499519,6576501.4825,968327.6483736123,6576501.4825
Standard_GA,ellipsoidal_rotated,50,8193,50,2000,Evosax,10722.840006584343,0.18651775077982166,0.0016849058637038335,84.04725691599742,2651552.225,268846.77942948806,2651552.225
Standard_GA_Ablation,ellipsoidal_rotated,20,127,1,2000,MalthusJAX,28655.154265438763,0.06979547140013892,0.00048792521064516386,1.6449462640011916,1884882.69125,638767.3831623339,1884882.69125
Standard_GA_Ablation,ellipsoidal_rotated,20,127,1,2000,Evosax,6947.885528304711,0.2878573620495445,0.0009786956925831598,1.2408187120017828,282147.1959375,51912.48465553554,282147.1959375
Standard_GA_Ablation,ellipsoidal_rotated,20,127,25,2000,MalthusJAX,43686.29263037556,0.045780950489934184,0.0005110570468652467,26.790549896999437,1884882.69125,638767.3831623339,1884882.69125
Standard_GA_Ablation,ellipsoidal_rotated,20,127,25,2000,Evosax,7381.67076801122,0.27094137124986445,0.0009261286101975433,26.70602826600225,282147.1959375,51912.48465553554,282147.1959375
Standard_GA_Ablation,ellipsoidal_rotated,20,127,50,2000,MalthusJAX,45382.72890508449,0.044069628430297596,0.001037180244179097,57.2985197779999,1884882.69125,638767.3831623339,1884882.69125
Standard_GA_Ablation,ellipsoidal_rotated,20,127,50,2000,Evosax,6972.983193317329,0.28682128503001875,0.001782978164978745,52.76657325799897,282147.1959375,51912.48465553554,282147.1959375
Standard_GA_Ablation,ellipsoidal_rotated,20,128,1,2000,MalthusJAX,27645.002539722325,0.07234580633972655,0.0003183689301865221,1.542541501999949,1881709.90875,636389.1816242811,1881709.90875
Standard_GA_Ablation,ellipsoidal_rotated,20,128,1,2000,Evosax,6183.978655195632,0.3234163815102511,0.000692589447587561,1.1955901330002234,274712.11078125,59262.25241706866,274712.11078125
Standard_GA_Ablation,ellipsoidal_rotated,20,128,25,2000,MalthusJAX,35422.228065117815,0.05646172217973799,0.0006618595283052107,30.169993162002356,1881709.90875,636389.1816242811,1881709.90875
Standard_GA_Ablation,ellipsoidal_rotated,20,128,25,2000,Evosax,6561.55927002042,0.30480559844028904,0.0009680646721939482,25.92759094000212,274712.11078125,59262.25241706866,274712.11078125
Standard_GA_Ablation,ellipsoidal_rotated,20,128,50,2000,MalthusJAX,38464.742522670495,0.05199566847019014,0.001763347799148115,63.45900816700305,1881709.90875,636389.1816242811,1881709.90875
Standard_GA_Ablation,ellipsoidal_rotated,20,128,50,2000,Evosax,6169.2910735103305,0.32418635726033246,0.0019916620825368085,51.970583226997405,274712.11078125,59262.25241706866,274712.11078125
Standard_GA_Ablation,ellipsoidal_rotated,20,129,1,2000,MalthusJAX,26874.51314811105,0.07441995279979892,0.0006306524124729409,1.7187619370015454,1881709.90875,636389.1816242811,1881709.90875
Standard_GA_Ablation,ellipsoidal_rotated,20,129,1,2000,Evosax,6120.847288266437,0.3267521481599397,0.0038014233781599855,1.30639845400583,280725.802421875,57864.492453869396,280725.802421875
Standard_GA_Ablation,ellipsoidal_rotated,20,129,25,2000,MalthusJAX,37771.43878852423,0.05295006132007984,0.0006262880270432001,44.23969059599767,1881709.90875,636389.1816242811,1881709.90875
Standard_GA_Ablation,ellipsoidal_rotated,20,129,25,2000,Evosax,6430.191747003283,0.31103271546016914,0.0012681095353606268,26.133565079995606,280725.802421875,57864.492453869396,280725.802421875
Standard_GA_Ablation,ellipsoidal_rotated,20,129,50,2000,MalthusJAX,37921.40484388508,0.052740662120340856,0.0010964525453918596,93.71835391400236,1881709.90875,636389.1816242811,1881709.90875
Standard_GA_Ablation,ellipsoidal_rotated,20,129,50,2000,Evosax,6189.410262786758,0.3231325627297338,0.0017263931581020845,55.82286126600229,280725.802421875,57864.492453869396,280725.802421875
Standard_GA_Ablation,ellipsoidal_rotated,20,1023,1,2000,MalthusJAX,24186.746144562156,0.08268991571028891,0.00038983988944671843,1.7239238239999395,901022.14828125,304141.2555935575,901022.14828125
Standard_GA_Ablation,ellipsoidal_rotated,20,1023,1,2000,Evosax,4817.170877778106,0.4151814520896733,0.0026823750275982994,1.3059705420018872,178205.0231640625,33814.07477656807,178205.0231640625
Standard_GA_Ablation,ellipsoidal_rotated,20,1023,25,2000,MalthusJAX,34580.35463036648,0.057836306809986124,0.0004881280540470596,28.712102707999293,901022.14828125,304141.2555935575,901022.14828125
Standard_GA_Ablation,ellipsoidal_rotated,20,1023,25,2000,Evosax,5221.002566627892,0.38306818939025106,0.001707920502258886,28.855209993002063,178205.0231640625,33814.07477656807,178205.0231640625
Standard_GA_Ablation,ellipsoidal_rotated,20,1023,50,2000,MalthusJAX,38082.04097045711,0.052518193590294686,0.0014183990364342812,64.67797047899512,901022.14828125,304141.2555935575,901022.14828125
Standard_GA_Ablation,ellipsoidal_rotated,20,1023,50,2000,Evosax,5006.209958642117,0.39950381956063213,0.002060136606131553,57.6934575829946,178205.0231640625,33814.07477656807,178205.0231640625
Standard_GA_Ablation,ellipsoidal_rotated,20,1024,1,2000,MalthusJAX,23101.169105414323,0.08657570492963713,0.0005478590890452131,1.648811442006263,901022.141796875,304141.26167419023,901022.141796875
Standard_GA_Ablation,ellipsoidal_rotated,20,1024,1,2000,Evosax,4534.041682222115,0.44110754602057567,0.003519139691340121,1.367891731999407,178005.58234375,31382.74358724392,178005.58234375
Standard_GA_Ablation,ellipsoidal_rotated,20,1024,25,2000,MalthusJAX,30415.80266096842,0.06575529248046223,0.0005661599502862955,29.680104585000663,901022.141796875,304141.26167419023,901022.141796875
Standard_GA_Ablation,ellipsoidal_rotated,20,1024,25,2000,Evosax,4771.630604222471,0.4191439291696588,0.000941024591497645,28.615616207003768,178005.58234375,31382.74358724392,178005.58234375
Standard_GA_Ablation,ellipsoidal_rotated,20,1024,50,2000,MalthusJAX,34137.337056753335,0.058586877959314734,0.001660488713776164,62.24417213899869,901022.141796875,304141.26167419023,901022.141796875
Standard_GA_Ablation,ellipsoidal_rotated,20,1024,50,2000,Evosax,4583.710628668145,0.43632771830998535,0.0018167133597773622,56.24653966999904,178005.58234375,31382.74358724392,178005.58234375
Standard_GA_Ablation,ellipsoidal_rotated,20,1025,1,2000,MalthusJAX,21435.42825698289,0.09330347758965217,0.0004159484172638676,1.7113144659961108,901022.141796875,304141.26167419023,901022.141796875
Standard_GA_Ablation,ellipsoidal_rotated,20,1025,1,2000,Evosax,4349.470053323501,0.45982613409920303,0.0016019317801249159,1.4587113309971755,174617.83546875,29251.7499086973,174617.83546875
Standard_GA_Ablation,ellipsoidal_rotated,20,1025,25,2000,MalthusJAX,29548.718959404447,0.06768482934057829,0.0006302623683486354,27.206727097000112,901022.141796875,304141.26167419023,901022.141796875
Standard_GA_Ablation,ellipsoidal_rotated,20,1025,25,2000,Evosax,4723.642800848072,0.423402040400033,0.0021935345335873132,31.93532497200067,174617.83546875,29251.7499086973,174617.83546875
Standard_GA_Ablation,ellipsoidal_rotated,20,1025,50,2000,MalthusJAX,31358.094527184625,0.06377938551930129,0.0014099604136483246,60.10391260499455,901022.141796875,304141.26167419023,901022.141796875
Standard_GA_Ablation,ellipsoidal_rotated,20,1025,50,2000,Evosax,4534.485840021766,0.44106433905864834,0.0020772717493883998,64.16937327900087,174617.83546875,29251.7499086973,174617.83546875
Standard_GA_Ablation,ellipsoidal_rotated,20,16383,1,2000,MalthusJAX,9634.70587855068,0.20758288059965707,0.00032389587456013166,2.3202771929936716,444271.025546875,121590.71161187756,444271.025546875
Standard_GA_Ablation,ellipsoidal_rotated,20,16383,1,2000,Evosax,2813.6861013107327,0.7108113442605827,0.0031432082567736373,2.056234390998725,110824.9373046875,19284.02012951057,110824.9373046875
Standard_GA_Ablation,ellipsoidal_rotated,20,16383,25,2000,MalthusJAX,10986.08827425788,0.1820484188795672,0.0009773354848624596,42.90241674998833,444271.025546875,121590.71161187756,444271.025546875
Standard_GA_Ablation,ellipsoidal_rotated,20,16383,25,2000,Evosax,2866.9290953245304,0.6976105559295683,0.007106343589124594,41.68672336099553,110824.9373046875,19284.02012951057,110824.9373046875
Standard_GA_Ablation,ellipsoidal_rotated,20,16383,50,2000,MalthusJAX,10953.173920967725,0.18259547546957036,0.002501142453954502,88.11140908800007,444271.025546875,121590.71161187756,444271.025546875
Standard_GA_Ablation,ellipsoidal_rotated,20,16383,50,2000,Evosax,2822.4413969562593,0.7086063867107442,0.006820382755163037,84.76669046700408,110824.9373046875,19284.02012951057,110824.9373046875
Standard_GA_Ablation,ellipsoidal_rotated,20,16384,1,2000,MalthusJAX,10276.142413394778,0.19462556273967493,0.0004950454947900299,1.8953451179986587,444271.025546875,121590.71161187756,444271.025546875
Standard_GA_Ablation,ellipsoidal_rotated,20,16384,1,2000,Evosax,2720.8644264223344,0.7350605125995935,0.00166177012590553,1.678373096001451,112033.931796875,18438.701124643823,112033.931796875
Standard_GA_Ablation,ellipsoidal_rotated,20,16384,25,2000,MalthusJAX,11300.660857526253,0.17698080008020042,0.0008073631644498217,36.63130031499895,444271.025546875,121590.71161187756,444271.025546875
Standard_GA_Ablation,ellipsoidal_rotated,20,16384,25,2000,Evosax,2843.761513169351,0.7032938559503237,0.0034349117597799452,31.711522489000345,112033.931796875,18438.701124643823,112033.931796875
Standard_GA_Ablation,ellipsoidal_rotated,20,16384,50,2000,MalthusJAX,11324.659759654172,0.17660574732013629,0.0024248062098045802,76.90002257899323,444271.025546875,121590.71161187756,444271.025546875
Standard_GA_Ablation,ellipsoidal_rotated,20,16384,50,2000,Evosax,2811.0960061451274,0.7114662735203455,0.00536412921065821,64.06576413399307,112033.931796875,18438.701124643823,112033.931796875
Standard_GA_Ablation,ellipsoidal_rotated,20,16385,1,2000,MalthusJAX,8374.141119312239,0.2388304629101185,0.00034115629678518623,2.5326687060005497,444271.025546875,121590.71161187756,444271.025546875
Standard_GA_Ablation,ellipsoidal_rotated,20,16385,1,2000,Evosax,2501.6481085080886,0.7994729527298478,0.0058178991208524345,1.8052727530011907,119893.6425,15744.444499310666,119893.6425
Standard_GA_Ablation,ellipsoidal_rotated,20,16385,25,2000,MalthusJAX,9398.795435874137,0.21279322586022317,0.0009445596732989146,35.10330416698707,444271.025546875,121590.71161187756,444271.025546875
Standard_GA_Ablation,ellipsoidal_rotated,20,16385,25,2000,Evosax,2658.850711526303,0.7522046993198456,0.00178999467192161,33.823202125000535,119893.6425,15744.444499310666,119893.6425
Standard_GA_Ablation,ellipsoidal_rotated,20,16385,50,2000,MalthusJAX,9377.210420626809,0.21328304584065336,0.002210770331849013,69.28972678699938,444271.025546875,121590.71161187756,444271.025546875
Standard_GA_Ablation,ellipsoidal_rotated,20,16385,50,2000,Evosax,2645.6505117867073,0.7559577469094074,0.004440072874514494,67.86179543299659,119893.6425,15744.444499310666,119893.6425
Standard_GA_Ablation,ellipsoidal_rotated,20,2047,1,2000,MalthusJAX,20120.145748241182,0.09940285845965263,0.0002564341423682883,1.7991231600026367,770950.713828125,232816.2737347646,770950.713828125
Standard_GA_Ablation,ellipsoidal_rotated,20,2047,1,2000,Evosax,4169.9702943648,0.47961972359917127,0.0017933786667387406,1.4049251050018938,162155.9853125,27222.05321670619,162155.9853125
Standard_GA_Ablation,ellipsoidal_rotated,20,2047,25,2000,MalthusJAX,26015.70027777608,0.07687665442965226,0.0006206602993397187,28.908512655994855,770950.713828125,232816.2737347646,770950.713828125
Standard_GA_Ablation,ellipsoidal_rotated,20,2047,25,2000,Evosax,4557.195060239744,0.4388664460403379,0.0013335910110640213,28.465693753998494,162155.9853125,27222.05321670619,162155.9853125
Standard_GA_Ablation,ellipsoidal_rotated,20,2047,50,2000,MalthusJAX,28867.604569443352,0.06928181363953627,0.001510118043056333,63.752651105998666,770950.713828125,232816.2737347646,770950.713828125
Standard_GA_Ablation,ellipsoidal_rotated,20,2047,50,2000,Evosax,4459.241397629941,0.4485067798892851,0.003355509910158535,58.757953717999044,162155.9853125,27222.05321670619,162155.9853125
Standard_GA_Ablation,ellipsoidal_rotated,20,2048,1,2000,MalthusJAX,19680.715832551854,0.10162231989001157,0.0005633863352709944,1.6937425719952444,770950.713828125,232816.2737347646,770950.713828125
Standard_GA_Ablation,ellipsoidal_rotated,20,2048,1,2000,Evosax,4005.234928011767,0.49934648926893715,0.0021752366890146206,1.3553135699912673,161571.1946875,25687.27094688147,161571.1946875
Standard_GA_Ablation,ellipsoidal_rotated,20,2048,25,2000,MalthusJAX,24453.76491558616,0.08178699709038482,0.0006325910253972185,29.640210520999972,770950.713828125,232816.2737347646,770950.713828125
Standard_GA_Ablation,ellipsoidal_rotated,20,2048,25,2000,Evosax,4301.963388988013,0.4649040029302705,0.0012372605869749615,28.948227807995863,161571.1946875,25687.27094688147,161571.1946875
Standard_GA_Ablation,ellipsoidal_rotated,20,2048,50,2000,MalthusJAX,27196.26357956118,0.0735395137699379,0.0017733331816150429,66.42218742100522,770950.713828125,232816.2737347646,770950.713828125
Standard_GA_Ablation,ellipsoidal_rotated,20,2048,50,2000,Evosax,4182.346588556599,0.4782004450497334,0.002233596467814957,60.44892169299419,161571.1946875,25687.27094688147,161571.1946875
Standard_GA_Ablation,ellipsoidal_rotated,20,2049,1,2000,MalthusJAX,17639.79466267135,0.1133800046001852,0.0003315137489626437,1.8047912759939209,770950.713828125,232816.2737347646,770950.713828125
Standard_GA_Ablation,ellipsoidal_rotated,20,2049,1,2000,Evosax,3867.8312124770864,0.5170856457097398,0.0019467363909854173,1.4531818899995415,159400.855546875,26750.84069426772,159400.855546875
Standard_GA_Ablation,ellipsoidal_rotated,20,2049,25,2000,MalthusJAX,22900.118911139994,0.08733579103936791,0.0005709518909004684,29.47414321100223,770950.713828125,232816.2737347646,770950.713828125
Standard_GA_Ablation,ellipsoidal_rotated,20,2049,25,2000,Evosax,4120.699605499173,0.4853544765386323,0.001864415758687325,31.70774022799742,159400.855546875,26750.84069426772,159400.855546875
Standard_GA_Ablation,ellipsoidal_rotated,20,2049,50,2000,MalthusJAX,22893.206622568814,0.08736216087912908,0.001470364361991388,61.76175436399353,770950.713828125,232816.2737347646,770950.713828125
Standard_GA_Ablation,ellipsoidal_rotated,20,2049,50,2000,Evosax,4079.5568682909843,0.4902493247600796,0.003422913077880867,64.50567440499435,159400.855546875,26750.84069426772,159400.855546875
Standard_GA_Ablation,ellipsoidal_rotated,20,4095,1,2000,MalthusJAX,14348.588684269613,0.1393865308992099,0.0002756564393981524,1.8240510600007838,643191.068046875,185936.99215487335,643191.068046875
Standard_GA_Ablation,ellipsoidal_rotated,20,4095,1,2000,Evosax,3619.939199128177,0.5524954674602486,0.0015009436991958224,1.480340152993449,138911.761640625,22434.96145787346,138911.761640625
Standard_GA_Ablation,ellipsoidal_rotated,20,4095,25,2000,MalthusJAX,17532.66784452743,0.11407277076912578,0.0005481233898791549,30.534312919000513,643191.068046875,185936.99215487335,643191.068046875
Standard_GA_Ablation,ellipsoidal_rotated,20,4095,25,2000,Evosax,3772.7449137478684,0.530118003131356,0.0022348084894494406,30.60745781500009,138911.761640625,22434.96145787346,138911.761640625
Standard_GA_Ablation,ellipsoidal_rotated,20,4095,50,2000,MalthusJAX,17842.423678057796,0.11209239484989666,0.0016250203637887893,67.79755062900949,643191.068046875,185936.99215487335,643191.068046875
Standard_GA_Ablation,ellipsoidal_rotated,20,4095,50,2000,Evosax,3787.9792160222314,0.527986001491372,0.002018499908674099,61.49241202999838,138911.761640625,22434.96145787346,138911.761640625
Standard_GA_Ablation,ellipsoidal_rotated,20,4096,1,2000,MalthusJAX,14450.696051390685,0.1384016377403168,0.0005272816023752062,1.7137602059956407,643191.068046875,185936.99215487335,643191.068046875
Standard_GA_Ablation,ellipsoidal_rotated,20,4096,1,2000,Evosax,3450.581151258472,0.5796125094089075,0.004963044345753099,1.5132209549919935,144194.8093359375,23993.385761811816,144194.8093359375
Standard_GA_Ablation,ellipsoidal_rotated,20,4096,25,2000,MalthusJAX,17183.815870723934,0.11638858417980373,0.0006349029043008475,31.146772225998575,643191.068046875,185936.99215487335,643191.068046875
Standard_GA_Ablation,ellipsoidal_rotated,20,4096,25,2000,Evosax,3633.356872697546,0.5504551493492909,0.0016736064354243804,31.107304895995185,144194.8093359375,23993.385761811816,144194.8093359375
Standard_GA_Ablation,ellipsoidal_rotated,20,4096,50,2000,MalthusJAX,17759.26676986211,0.11261726207041647,0.001650073477493611,63.56638263899367,643191.068046875,185936.99215487335,643191.068046875
Standard_GA_Ablation,ellipsoidal_rotated,20,4096,50,2000,Evosax,3615.8812966201713,0.5531155024003237,0.0021359225474685303,62.69054418899759,144194.8093359375,23993.385761811816,144194.8093359375
Standard_GA_Ablation,ellipsoidal_rotated,20,4097,1,2000,MalthusJAX,12437.36644401894,0.16080574685984175,0.0003215117301408159,1.8482642989984015,643191.07078125,185936.99152557735,643191.07078125
Standard_GA_Ablation,ellipsoidal_rotated,20,4097,1,2000,Evosax,3163.614268346039,0.6321883233399421,0.0023169932654006783,1.5542261299997335,136525.314140625,24779.766792664992,136525.314140625
Standard_GA_Ablation,ellipsoidal_rotated,20,4097,25,2000,MalthusJAX,14445.537544206716,0.1384510610200232,0.0006208746399672347,30.44437331899826,643191.07078125,185936.99152557735,643191.07078125
Standard_GA_Ablation,ellipsoidal_rotated,20,4097,25,2000,Evosax,3436.972688856809,0.581907446190744,0.001445057548470741,32.38139616299304,136525.314140625,24779.766792664992,136525.314140625
Standard_GA_Ablation,ellipsoidal_rotated,20,4097,50,2000,MalthusJAX,14418.159629991529,0.13871395873851725,0.0016512409545821648,61.70632621200639,643191.07078125,185936.99152557735,643191.07078125
Standard_GA_Ablation,ellipsoidal_rotated,20,4097,50,2000,Evosax,3412.419245139169,0.5860944556706817,0.003521409283358946,65.02563632799138,136525.314140625,24779.766792664992,136525.314140625
Standard_GA_Ablation,ellipsoidal_rotated,20,8191,1,2000,MalthusJAX,11779.570946933889,0.16978547088088816,0.0003080146323062066,2.1532398849958554,532074.08890625,167533.14424981427,532074.08890625
Standard_GA_Ablation,ellipsoidal_rotated,20,8191,1,2000,Evosax,3109.572875870839,0.6431751497188816,0.0031471281907426234,1.8430642789899139,129538.745625,22786.191267383456,129538.745625
Standard_GA_Ablation,ellipsoidal_rotated,20,8191,25,2000,MalthusJAX,13802.257176625764,0.14490383525000652,0.0007724254763228278,39.9590999869979,532074.08890625,167533.14424981427,532074.08890625
Standard_GA_Ablation,ellipsoidal_rotated,20,8191,25,2000,Evosax,3369.9433492690523,0.5934817866994127,0.002672011239229448,40.751616498993826,129538.745625,22786.191267383456,129538.745625
Standard_GA_Ablation,ellipsoidal_rotated,20,8191,50,2000,MalthusJAX,14182.479431427899,0.14101906578958734,0.0018713015752458324,83.51352450999548,532074.08890625,167533.14424981427,532074.08890625
Standard_GA_Ablation,ellipsoidal_rotated,20,8191,50,2000,Evosax,3289.1659583863366,0.6080568829008552,0.0024997781175909242,82.54329051099194,129538.745625,22786.191267383456,129538.745625
Standard_GA_Ablation,ellipsoidal_rotated,20,8192,1,2000,MalthusJAX,12288.062937740571,0.1627595830305654,0.0005456876241271794,1.701146373001393,532074.091171875,167533.14970087432,532074.091171875
Standard_GA_Ablation,ellipsoidal_rotated,20,8192,1,2000,Evosax,3047.005185021806,0.6563822109103785,0.0020039105358530935,1.4846664679935202,124832.5873046875,25064.73040704775,124832.5873046875
Standard_GA_Ablation,ellipsoidal_rotated,20,8192,25,2000,MalthusJAX,13990.96869101936,0.14294935855898075,0.0007431407645179582,33.4781210039946,532074.091171875,167533.14970087432,532074.091171875
Standard_GA_Ablation,ellipsoidal_rotated,20,8192,25,2000,Evosax,3243.921271830226,0.6165377740106487,0.0026555457479432473,31.82164698500128,124832.5873046875,25064.73040704775,124832.5873046875
Standard_GA_Ablation,ellipsoidal_rotated,20,8192,50,2000,MalthusJAX,14507.266589644329,0.13786194578016875,0.0019143138937624186,68.91256814300141,532074.091171875,167533.14970087432,532074.091171875
Standard_GA_Ablation,ellipsoidal_rotated,20,8192,50,2000,Evosax,3204.728521562413,0.6240778232987213,0.003819008011285661,65.919995010001,124832.5873046875,25064.73040704775,124832.5873046875
Standard_GA_Ablation,ellipsoidal_rotated,20,8193,1,2000,MalthusJAX,10092.532322358966,0.19816632101035794,0.00041968902531901164,1.8618366769951535,532074.091171875,167533.14970087432,532074.091171875
Standard_GA_Ablation,ellipsoidal_rotated,20,8193,1,2000,Evosax,2843.9695288964917,0.7032424151098531,0.0033861340341610757,1.643394899991108,125630.30875,20517.334648671636,125630.30875
Standard_GA_Ablation,ellipsoidal_rotated,20,8193,25,2000,MalthusJAX,11548.874631459876,0.1731770465800946,0.0007572025441806648,32.068425631005084,532074.091171875,167533.14970087432,532074.091171875
Standard_GA_Ablation,ellipsoidal_rotated,20,8193,25,2000,Evosax,3059.621730554761,0.6536755769600859,0.001705378946388131,35.10606155300047,125630.30875,20517.334648671636,125630.30875
Standard_GA_Ablation,ellipsoidal_rotated,20,8193,50,2000,MalthusJAX,11540.185790880758,0.17330743510043248,0.0020005380610469805,64.77806710299046,532074.091171875,167533.14970087432,532074.091171875
Standard_GA_Ablation,ellipsoidal_rotated,20,8193,50,2000,Evosax,2998.197284542381,0.667067510971101,0.003134474212150974,70.90815662399109,125630.30875,20517.334648671636,125630.30875
Standard_GA_Ablation,ellipsoidal_rotated,50,127,1,2000,MalthusJAX,27815.491748896224,0.07190237792863627,0.0005586687366860107,1.64700741400884,12617001.48,2514987.640451526,12617001.48
Standard_GA_Ablation,ellipsoidal_rotated,50,127,1,2000,Evosax,6919.7591572695665,0.28902740031044233,0.0009768701968291041,1.251554283007863,4374409.465,585075.3985046084,4374409.465
Standard_GA_Ablation,ellipsoidal_rotated,50,127,25,2000,MalthusJAX,42054.627526392724,0.04755719210079405,0.0005059794350107616,27.739574735009228,12617001.48,2514987.640451526,12617001.48
Standard_GA_Ablation,ellipsoidal_rotated,50,127,25,2000,Evosax,7361.898238392306,0.27166906349913916,0.0010429092298218715,26.489643539011013,4374409.465,585075.3985046084,4374409.465
Standard_GA_Ablation,ellipsoidal_rotated,50,127,50,2000,MalthusJAX,43365.55422760127,0.04611955354019301,0.0010140497964312592,59.23591419799777,12617001.48,2514987.640451526,12617001.48
Standard_GA_Ablation,ellipsoidal_rotated,50,127,50,2000,Evosax,7314.949781045666,0.2734126767599082,0.0017215568175412042,53.67932052300603,4374409.465,585075.3985046084,4374409.465
Standard_GA_Ablation,ellipsoidal_rotated,50,128,1,2000,MalthusJAX,26652.228170125338,0.07504063027052325,0.00029573487733474134,1.470190833992092,12590840.16,2510533.574871163,12590840.16
Standard_GA_Ablation,ellipsoidal_rotated,50,128,1,2000,Evosax,6081.34569620836,0.32887457808014003,0.0007604272925100816,1.2044694420037558,4306471.5075,567979.8476127393,4306471.5075
Standard_GA_Ablation,ellipsoidal_rotated,50,128,25,2000,MalthusJAX,30347.949480577317,0.0659023108391557,0.0007300330091070593,28.753963662995375,12590840.16,2510533.574871163,12590840.16
Standard_GA_Ablation,ellipsoidal_rotated,50,128,25,2000,Evosax,6567.910813559482,0.30451083407999247,0.0008475564979440474,24.370205414001248,4306471.5075,567979.8476127393,4306471.5075
Standard_GA_Ablation,ellipsoidal_rotated,50,128,50,2000,MalthusJAX,32075.595872317794,0.062352699789626057,0.001979280819521101,61.188249775004806,12590840.16,2510533.574871163,12590840.16
Standard_GA_Ablation,ellipsoidal_rotated,50,128,50,2000,Evosax,6522.493622226068,0.3066311928899086,0.001686506119164051,50.414959935005754,4306471.5075,567979.8476127393,4306471.5075
Standard_GA_Ablation,ellipsoidal_rotated,50,129,1,2000,MalthusJAX,26011.457647375595,0.07688919348976925,0.0004261895354357793,1.6392538969957968,12560953.84,2483365.72377828,12560953.84
Standard_GA_Ablation,ellipsoidal_rotated,50,129,1,2000,Evosax,6117.420327821945,0.32693519372929586,0.002473873885389931,1.2904805129946908,4268258.19,559654.27729916,4268258.19
Standard_GA_Ablation,ellipsoidal_rotated,50,129,25,2000,MalthusJAX,37177.70432791305,0.05379568308897433,0.0005518945345614167,27.368290750993765,12560953.84,2483365.72377828,12560953.84
Standard_GA_Ablation,ellipsoidal_rotated,50,129,25,2000,Evosax,6456.790138557067,0.30975143331001165,0.0009262020363288245,25.679943021008512,4268258.19,559654.27729916,4268258.19
Standard_GA_Ablation,ellipsoidal_rotated,50,129,50,2000,MalthusJAX,37190.142359126585,0.053777691429277186,0.0010172960737701543,55.00218410200614,12560953.84,2483365.72377828,12560953.84
Standard_GA_Ablation,ellipsoidal_rotated,50,129,50,2000,Evosax,6489.20762248281,0.3082040391296323,0.0015958043325279643,56.201713064001524,4268258.19,559654.27729916,4268258.19
Standard_GA_Ablation,ellipsoidal_rotated,50,1023,1,2000,MalthusJAX,23749.9180574499,0.08421081686101388,0.0003716886814844639,1.7676872479933081,9053187.65,1538417.7189996764,9053187.65
Standard_GA_Ablation,ellipsoidal_rotated,50,1023,1,2000,Evosax,4887.881596001166,0.40917521439885607,0.00270502778799243,1.3502958129975013,3183672.67125,390754.47267000214,3183672.67125
Standard_GA_Ablation,ellipsoidal_rotated,50,1023,25,2000,MalthusJAX,34128.23626192528,0.05860250100973644,0.00043271730959960604,27.964634705000208,9053187.65,1538417.7189996764,9053187.65
Standard_GA_Ablation,ellipsoidal_rotated,50,1023,25,2000,Evosax,5226.959516318005,0.3826316224099719,0.0018848693270575134,27.824288111005444,3183672.67125,390754.47267000214,3183672.67125
Standard_GA_Ablation,ellipsoidal_rotated,50,1023,50,2000,MalthusJAX,35180.252675821415,0.05685007491076249,0.0015928537085690782,63.20363424799871,9053187.65,1538417.7189996764,9053187.65
Standard_GA_Ablation,ellipsoidal_rotated,50,1023,50,2000,Evosax,5213.54166689895,0.383616383599292,0.0022283329125671963,57.73919547398691,3183672.67125,390754.47267000214,3183672.67125
Standard_GA_Ablation,ellipsoidal_rotated,50,1024,1,2000,MalthusJAX,24185.37734568308,0.08269459563991405,0.0004252969342522759,1.6333222139946884,9053187.65,1538417.7189996764,9053187.65
Standard_GA_Ablation,ellipsoidal_rotated,50,1024,1,2000,Evosax,4516.234934767335,0.4428467581709265,0.0033816469488878636,1.3785731100069825,3251644.5825,384402.285911324,3251644.5825
Standard_GA_Ablation,ellipsoidal_rotated,50,1024,25,2000,MalthusJAX,31160.119943508394,0.0641846053104382,0.0005436741097046804,30.59944848199666,9053187.65,1538417.7189996764,9053187.65
Standard_GA_Ablation,ellipsoidal_rotated,50,1024,25,2000,Evosax,4796.69882515551,0.41695342419901865,0.0011953330527352628,28.495228040002985,3251644.5825,384402.285911324,3251644.5825
Standard_GA_Ablation,ellipsoidal_rotated,50,1024,50,2000,MalthusJAX,32133.031320318387,0.06224124889005907,0.0016425941316449446,62.42158118799853,9053187.65,1538417.7189996764,9053187.65
Standard_GA_Ablation,ellipsoidal_rotated,50,1024,50,2000,Evosax,4759.999871160036,0.4201680785996723,0.00211874805687913,56.64493659899745,3251644.5825,384402.285911324,3251644.5825
Standard_GA_Ablation,ellipsoidal_rotated,50,1025,1,2000,MalthusJAX,21436.319767630022,0.09329959721071646,0.0003685987234279525,1.7668401429982623,9053187.65,1538417.7189996764,9053187.65
Standard_GA_Ablation,ellipsoidal_rotated,50,1025,1,2000,Evosax,4332.322060812758,0.4616461961797904,0.0020405229281461163,1.4620957739971345,3219358.03125,393004.87346316286,3219358.03125
Standard_GA_Ablation,ellipsoidal_rotated,50,1025,25,2000,MalthusJAX,30394.623885156703,0.06580111033967113,0.00044159029145388886,28.677813967995462,9053187.65,1538417.7189996764,9053187.65
Standard_GA_Ablation,ellipsoidal_rotated,50,1025,25,2000,Evosax,4720.514342978217,0.4236826444506005,0.0011068151183673274,30.98974756099051,3219358.03125,393004.87346316286,3219358.03125
Standard_GA_Ablation,ellipsoidal_rotated,50,1025,50,2000,MalthusJAX,31157.862986602417,0.06418925459875027,0.0013212201356047136,60.894630002003396,9053187.65,1538417.7189996764,9053187.65
Standard_GA_Ablation,ellipsoidal_rotated,50,1025,50,2000,Evosax,4722.953584015387,0.42346382712057673,0.0020555189709316898,63.60964221000904,3219358.03125,393004.87346316286,3219358.03125
Standard_GA_Ablation,ellipsoidal_rotated,50,16383,1,2000,MalthusJAX,8332.59066338634,0.24002139080083,0.00030303957576704717,2.4737585020047845,6049012.325,963932.3034944981,6049012.325
Standard_GA_Ablation,ellipsoidal_rotated,50,16383,1,2000,Evosax,2693.3253162443943,0.742576467809995,0.0027934934149848514,2.1569969349948224,2493339.6075,244789.08161400462,2493339.6075
Standard_GA_Ablation,ellipsoidal_rotated,50,16383,25,2000,MalthusJAX,9401.392212695819,0.2127344498295861,0.0008497284386872533,42.34443903500505,6049012.325,963932.3034944981,6049012.325
Standard_GA_Ablation,ellipsoidal_rotated,50,16383,25,2000,Evosax,2765.4651954190517,0.7232056303991703,0.0023531213136314855,41.197997493,2493339.6075,244789.08161400462,2493339.6075
Standard_GA_Ablation,ellipsoidal_rotated,50,16383,50,2000,MalthusJAX,9404.347153429386,0.2126676065196807,0.002560368615040697,86.18111127299198,6049012.325,963932.3034944981,6049012.325
Standard_GA_Ablation,ellipsoidal_rotated,50,16383,50,2000,Evosax,2773.461762423921,0.7211204520995671,0.002886879450407438,84.57571483100764,2493339.6075,244789.08161400462,2493339.6075
Standard_GA_Ablation,ellipsoidal_rotated,50,16384,1,2000,MalthusJAX,9076.13729999169,0.2203580591494392,0.0004066230884367005,2.1854447669902584,6049012.325,963932.3034944981,6049012.325
Standard_GA_Ablation,ellipsoidal_rotated,50,16384,1,2000,Evosax,2624.154217456744,0.7621503289308749,0.00254707712360903,1.7900249999947846,2525679.88875,211440.80738417731,2525679.88875
Standard_GA_Ablation,ellipsoidal_rotated,50,16384,25,2000,MalthusJAX,9271.797036091279,0.21570791424950586,0.0009624161140203125,42.89626888399653,6049012.325,963932.3034944981,6049012.325
Standard_GA_Ablation,ellipsoidal_rotated,50,16384,25,2000,Evosax,2750.103387431582,0.7272453861699614,0.0032390302863866847,32.16694331300096,2525679.88875,211440.80738417731,2525679.88875
Standard_GA_Ablation,ellipsoidal_rotated,50,16384,50,2000,MalthusJAX,8824.782036368117,0.22663449269995908,0.0027118440809710855,91.72065035400738,6049012.325,963932.3034944981,6049012.325
Standard_GA_Ablation,ellipsoidal_rotated,50,16384,50,2000,Evosax,2746.915171075019,0.728089465979865,0.0026188479442470986,65.86404154798947,2525679.88875,211440.80738417731,2525679.88875
Standard_GA_Ablation,ellipsoidal_rotated,50,16385,1,2000,MalthusJAX,7441.640968677567,0.2687579269704293,0.0002535942547589108,2.1128843120095553,6049012.325,963932.3034944981,6049012.325
Standard_GA_Ablation,ellipsoidal_rotated,50,16385,1,2000,Evosax,2405.648991641098,0.8313764838300994,0.004260308857985519,1.8270961550006177,2464060.90875,262576.01288751065,2464060.90875
Standard_GA_Ablation,ellipsoidal_rotated,50,16385,25,2000,MalthusJAX,8352.927477147652,0.2394370124093257,0.0009489035848137366,34.03167681201012,6049012.325,963932.3034944981,6049012.325
Standard_GA_Ablation,ellipsoidal_rotated,50,16385,25,2000,Evosax,2581.6885911098966,0.7746867716296402,0.0025927412951973652,34.43574371498835,2464060.90875,262576.01288751065,2464060.90875
Standard_GA_Ablation,ellipsoidal_rotated,50,16385,50,2000,MalthusJAX,8355.212733097193,0.23937152336977305,0.0019344139367219668,69.5286050799914,6049012.325,963932.3034944981,6049012.325
Standard_GA_Ablation,ellipsoidal_rotated,50,16385,50,2000,Evosax,2579.4185786947764,0.7753685332498571,0.002614981935534672,69.42120212799637,2464060.90875,262576.01288751065,2464060.90875
Standard_GA_Ablation,ellipsoidal_rotated,50,2047,1,2000,MalthusJAX,19127.314365535465,0.10456251001989586,0.00028244357045114,1.7835596590011846,8014544.575,1201148.891821895,8014544.575
Standard_GA_Ablation,ellipsoidal_rotated,50,2047,1,2000,Evosax,4132.961596967103,0.48391448918075186,0.0021342208612926787,1.5067258189956192,3038094.15625,269117.8550482288,3038094.15625
Standard_GA_Ablation,ellipsoidal_rotated,50,2047,25,2000,MalthusJAX,25276.9886346969,0.07912334926062613,0.0008188087712523404,31.077088259000448,8014544.575,1201148.891821895,8014544.575
Standard_GA_Ablation,ellipsoidal_rotated,50,2047,25,2000,Evosax,4525.028168145395,0.4419861989101628,0.002441150407802501,30.151600756988046,3038094.15625,269117.8550482288,3038094.15625
Standard_GA_Ablation,ellipsoidal_rotated,50,2047,50,2000,MalthusJAX,26573.090700616158,0.07526410918973853,0.0016061998957459741,65.57182472599379,8014544.575,1201148.891821895,8014544.575
Standard_GA_Ablation,ellipsoidal_rotated,50,2047,50,2000,Evosax,4524.089497741734,0.4420779034098086,0.002313440630460746,60.76716482300253,3038094.15625,269117.8550482288,3038094.15625
Standard_GA_Ablation,ellipsoidal_rotated,50,2048,1,2000,MalthusJAX,20132.252254074738,0.09934308266951121,0.0003577379107797527,1.699833252991084,8014544.575,1201148.891821895,8014544.575
Standard_GA_Ablation,ellipsoidal_rotated,50,2048,1,2000,Evosax,4030.545973353198,0.49621069036860715,0.0008919092868807968,1.4523423170030583,3069389.19875,320820.01434536575,3069389.19875
Standard_GA_Ablation,ellipsoidal_rotated,50,2048,25,2000,MalthusJAX,24519.282688896204,0.08156845472913118,0.0006478905146907773,31.056452439006534,8014544.575,1201148.891821895,8014544.575
Standard_GA_Ablation,ellipsoidal_rotated,50,2048,25,2000,Evosax,4263.368351557595,0.46911264405978725,0.0024904056210161836,29.754490891995374,3069389.19875,320820.01434536575,3069389.19875
Standard_GA_Ablation,ellipsoidal_rotated,50,2048,50,2000,MalthusJAX,25982.854246061135,0.07697383747989078,0.0017363492757757376,61.17635801300639,8014544.575,1201148.891821895,8014544.575
Standard_GA_Ablation,ellipsoidal_rotated,50,2048,50,2000,Evosax,4268.3120593103895,0.4685693014496064,0.0017324005336460458,59.893532408998,3069389.19875,320820.01434536575,3069389.19875
Standard_GA_Ablation,ellipsoidal_rotated,50,2049,1,2000,MalthusJAX,17236.570553792943,0.11603236234019278,0.0003308677105159089,1.7948508439876605,8014544.575,1201148.891821895,8014544.575
Standard_GA_Ablation,ellipsoidal_rotated,50,2049,1,2000,Evosax,3834.4595920391475,0.521585885049426,0.0016043314534963118,1.5597340920066927,2978193.015,335420.3226822017,2978193.015
Standard_GA_Ablation,ellipsoidal_rotated,50,2049,25,2000,MalthusJAX,22454.39625616115,0.08906941772933351,0.0005776908369303013,30.377208679012256,8014544.575,1201148.891821895,8014544.575
Standard_GA_Ablation,ellipsoidal_rotated,50,2049,25,2000,Evosax,4100.488938565664,0.4877467126394913,0.0019027114340884014,31.831003309998778,2978193.015,335420.3226822017,2978193.015
Standard_GA_Ablation,ellipsoidal_rotated,50,2049,50,2000,MalthusJAX,22441.823066276997,0.08911931949973223,0.0014242799138392906,59.7082727990055,8014544.575,1201148.891821895,8014544.575
Standard_GA_Ablation,ellipsoidal_rotated,50,2049,50,2000,Evosax,4109.825380823832,0.48663868040035596,0.0020286677541589805,64.29411944300227,2978193.015,335420.3226822017,2978193.015
Standard_GA_Ablation,ellipsoidal_rotated,50,4095,1,2000,MalthusJAX,13614.550458383303,0.14690165541003808,0.00035244242919741536,1.965996756000095,7373721.6575,1220175.244027895,7373721.6575
Standard_GA_Ablation,ellipsoidal_rotated,50,4095,1,2000,Evosax,3543.1418954511296,0.5644707604196446,0.0037528962366894427,1.5115254769916646,2811208.65375,331903.8557962455,2811208.65375
Standard_GA_Ablation,ellipsoidal_rotated,50,4095,25,2000,MalthusJAX,16725.123886228655,0.11958057910989738,0.0004766708134428837,31.55919155200536,7373721.6575,1220175.244027895,7373721.6575
Standard_GA_Ablation,ellipsoidal_rotated,50,4095,25,2000,Evosax,3762.47206830595,0.5315654079793604,0.0010621539565406975,30.701573964994168,2811208.65375,331903.8557962455,2811208.65375
Standard_GA_Ablation,ellipsoidal_rotated,50,4095,50,2000,MalthusJAX,16969.42901540385,0.1178590038701077,0.0017394892115194386,69.2329285070009,7373721.6575,1220175.244027895,7373721.6575
Standard_GA_Ablation,ellipsoidal_rotated,50,4095,50,2000,Evosax,3780.329386896269,0.5290544276201399,0.0018318465768541812,62.82964616500249,2811208.65375,331903.8557962455,2811208.65375
Standard_GA_Ablation,ellipsoidal_rotated,50,4096,1,2000,MalthusJAX,14208.68479150563,0.14075898152063018,0.00026923420808346374,1.8006982160004554,7373721.6575,1220175.244027895,7373721.6575
Standard_GA_Ablation,ellipsoidal_rotated,50,4096,1,2000,Evosax,3383.893581153657,0.5910351351292047,0.002468599192006546,1.535150605996023,2808876.68125,273220.55165661115,2808876.68125
Standard_GA_Ablation,ellipsoidal_rotated,50,4096,25,2000,MalthusJAX,16927.749703900387,0.11814919495998766,0.0006307921652265666,34.71100699300587,7373721.6575,1220175.244027895,7373721.6575
Standard_GA_Ablation,ellipsoidal_rotated,50,4096,25,2000,Evosax,3600.1532363306796,0.5555319089801923,0.001950052403997862,32.000043840002036,2808876.68125,273220.55165661115,2808876.68125
Standard_GA_Ablation,ellipsoidal_rotated,50,4096,50,2000,MalthusJAX,16969.9142127044,0.11785563409051975,0.0018724002538957887,74.80172725299781,7373721.6575,1220175.244027895,7373721.6575
Standard_GA_Ablation,ellipsoidal_rotated,50,4096,50,2000,Evosax,3602.8733046246066,0.5551124979701126,0.0026799942758230387,65.08783522198792,2808876.68125,273220.55165661115,2808876.68125
Standard_GA_Ablation,ellipsoidal_rotated,50,4097,1,2000,MalthusJAX,11952.684269252439,0.16732643102979636,0.00040669197166060705,1.912055385997519,7373721.6575,1220175.244027895,7373721.6575
Standard_GA_Ablation,ellipsoidal_rotated,50,4097,1,2000,Evosax,3152.316344587591,0.6344540906987095,0.004838100732888385,1.633958537990111,2795679.64,288171.3335649694,2795679.64
Standard_GA_Ablation,ellipsoidal_rotated,50,4097,25,2000,MalthusJAX,14037.24744487338,0.14247807541003568,0.0006835639316431459,31.379336009005783,7373721.6575,1220175.244027895,7373721.6575
Standard_GA_Ablation,ellipsoidal_rotated,50,4097,25,2000,Evosax,3389.960919410011,0.5899773028498748,0.0024081303162340074,33.41920268499234,2795679.64,288171.3335649694,2795679.64
Standard_GA_Ablation,ellipsoidal_rotated,50,4097,50,2000,MalthusJAX,14039.785065752056,0.14245232321103685,0.0016461009418879365,64.06582015899767,7373721.6575,1220175.244027895,7373721.6575
Standard_GA_Ablation,ellipsoidal_rotated,50,4097,50,2000,Evosax,3393.949699664654,0.5892839249201642,0.0023232859903447333,66.05258035300358,2795679.64,288171.3335649694,2795679.64
Standard_GA_Ablation,ellipsoidal_rotated,50,8191,1,2000,MalthusJAX,10529.056349348553,0.18995054576982512,0.00023376344701351616,2.276855208998313,6576501.4825,968327.6483736123,6576501.4825
Standard_GA_Ablation,ellipsoidal_rotated,50,8191,1,2000,Evosax,3056.0169302216987,0.6544466361496597,0.00120318454333137,1.9517341340106213,2580468.05375,267607.39434431813,2580468.05375
Standard_GA_Ablation,ellipsoidal_rotated,50,8191,25,2000,MalthusJAX,12204.86752158022,0.1638690462197701,0.0007086092727258772,41.136983079995844,6576501.4825,968327.6483736123,6576501.4825
Standard_GA_Ablation,ellipsoidal_rotated,50,8191,25,2000,Evosax,3195.7468852940738,0.6258317919993714,0.003527846176461367,43.162323720011045,2580468.05375,267607.39434431813,2580468.05375
Standard_GA_Ablation,ellipsoidal_rotated,50,8191,50,2000,MalthusJAX,12521.589657541437,0.1597241288605437,0.0019759442781053945,88.40481789399928,6576501.4825,968327.6483736123,6576501.4825
Standard_GA_Ablation,ellipsoidal_rotated,50,8191,50,2000,Evosax,3199.7145061190886,0.625055765498837,0.0026692340556432824,86.4632898800046,2580468.05375,267607.39434431813,2580468.05375
Standard_GA_Ablation,ellipsoidal_rotated,50,8192,1,2000,MalthusJAX,11045.63994769243,0.18106691956927534,0.0003370974126610167,1.8544839329988463,6576501.4825,968327.6483736123,6576501.4825
Standard_GA_Ablation,ellipsoidal_rotated,50,8192,1,2000,Evosax,2918.142578787451,0.685367471260106,0.002295327817962459,1.6495419270067941,2567210.67875,265347.7997983232,2567210.67875
Standard_GA_Ablation,ellipsoidal_rotated,50,8192,25,2000,MalthusJAX,12342.046203422797,0.1620476837499882,0.0007267392402732405,36.46472309199453,6576501.4825,968327.6483736123,6576501.4825
Standard_GA_Ablation,ellipsoidal_rotated,50,8192,25,2000,Evosax,3155.3993513444307,0.6338341925397981,0.0028879498261052024,33.25172903201019,2567210.67875,265347.7997983232,2567210.67875
Standard_GA_Ablation,ellipsoidal_rotated,50,8192,50,2000,MalthusJAX,12661.77368403123,0.15795575327036204,0.002068769021296198,77.68497547999141,6576501.4825,968327.6483736123,6576501.4825
Standard_GA_Ablation,ellipsoidal_rotated,50,8192,50,2000,Evosax,3157.8759936844863,0.6333370924000338,0.0024006292997368226,67.29748660499172,2567210.67875,265347.7997983232,2567210.67875
Standard_GA_Ablation,ellipsoidal_rotated,50,8193,1,2000,MalthusJAX,9235.649199041665,0.2165521834899846,0.0003888000884346941,2.105155270997784,6576501.4825,968327.6483736123,6576501.4825
Standard_GA_Ablation,ellipsoidal_rotated,50,8193,1,2000,Evosax,2779.3905366629974,0.7195822154598136,0.004124167033971912,1.676446348996251,2616812.87625,292890.6341655333,2616812.87625
Standard_GA_Ablation,ellipsoidal_rotated,50,8193,25,2000,MalthusJAX,10505.565095509957,0.19037528984088567,0.0008011534164513047,32.36444528399443,6576501.4825,968327.6483736123,6576501.4825
Standard_GA_Ablation,ellipsoidal_rotated,50,8193,25,2000,Evosax,2984.61677444746,0.670102780739835,0.00248140583030237,35.65535508899484,2616812.87625,292890.6341655333,2616812.87625
Standard_GA_Ablation,ellipsoidal_rotated,50,8193,50,2000,MalthusJAX,10745.027400820283,0.18613261049918947,0.00204521956226947,68.26982643999509,6576501.4825,968327.6483736123,6576501.4825
Standard_GA_Ablation,ellipsoidal_rotated,50,8193,50,2000,Evosax,2986.6276187995018,0.6696516122100001,0.0022272586595781466,72.25095693700132,2616812.87625,292890.6341655333,2616812.87625
