Algorithm,Task,Dim,Pop_Size,Generations,hyperparam_mutation_rate,hyperparam_sigma,hyperparam_elite_ratio,hyperparam_crossover_rate,Mean_Fitness,Fitness_Std,Mean_GPS,Compile_Time,Mean_Exec_Time
Standard_GA,sphere,50,128,200,0.8,0.5,0.5,0.5,485.3296862792969,39.35403296133339,40670.356968964195,0.9543579790042713,0.004917586539813783
Standard_GA,sphere,50,128,200,0.8,0.5,0.5,0.7,485.3296862792969,39.35403296133339,40989.31215057963,0.8396443339879625,0.004879320718173403
Standard_GA,sphere,50,128,200,0.8,0.5,0.5,0.8,485.3296862792969,39.35403296133339,40995.640291163494,0.8664419550041202,0.004878567539853975
Standard_GA,sphere,50,128,200,0.8,0.5,0.5,0.9,485.3296862792969,39.35403296133339,41028.20142828888,0.8867144050018396,0.0048746957711409775
Standard_GA,sphere,50,128,200,0.8,0.5,0.5,1.0,485.3296862792969,39.35403296133339,41062.37071868711,0.8499752340139821,0.004870639383443631
Standard_GA,sphere,50,128,200,0.8,0.5,0.2,0.5,485.3296862792969,39.35403296133339,40236.637617827444,1.0561913939891383,0.0049705942603759466
Standard_GA,sphere,50,128,200,0.8,0.5,0.2,0.7,485.3296862792969,39.35403296133339,40566.380341775315,1.0355324200063478,0.004930190919549204
Standard_GA,sphere,50,128,200,0.8,0.5,0.2,0.8,485.3296862792969,39.35403296133339,40977.76966367236,1.0299396790214814,0.004880695109604858
Standard_GA,sphere,50,128,200,0.8,0.5,0.2,0.9,485.3296862792969,39.35403296133339,41131.370569167106,1.047923660982633,0.0048624686518451195
Standard_GA,sphere,50,128,200,0.8,0.5,0.2,1.0,485.3296862792969,39.35403296133339,40472.519588047806,1.0441183169896249,0.004941624639031943
Standard_GA,sphere,50,128,200,0.8,0.5,0.4,0.5,485.3296862792969,39.35403296133339,40895.66554280936,1.0554936020052992,0.004890493829734623
Standard_GA,sphere,50,128,200,0.8,0.5,0.4,0.7,485.3296862792969,39.35403296133339,40626.19806965145,1.1000914420001209,0.004922931741166394
Standard_GA,sphere,50,128,200,0.8,0.5,0.4,0.8,485.3296862792969,39.35403296133339,41200.18767823625,1.0883793890243396,0.004854346819047351
Standard_GA,sphere,50,128,200,0.8,0.5,0.4,0.9,485.3296862792969,39.35403296133339,41520.40160701095,1.0335918409982696,0.004816909091896377
Standard_GA,sphere,50,128,200,0.8,0.5,0.4,1.0,485.3296862792969,39.35403296133339,41471.58175384117,1.156744121981319,0.004822579500032589
Standard_GA,sphere,50,128,200,0.8,0.5,0.3,0.5,485.3296862792969,39.35403296133339,41202.602942865524,1.0369787189993076,0.004854062261001673
Standard_GA,sphere,50,128,200,0.8,0.5,0.3,0.7,485.3296862792969,39.35403296133339,41676.84396887692,1.032046445994638,0.0047988278610864655
Standard_GA,sphere,50,128,200,0.8,0.5,0.3,0.8,485.3296862792969,39.35403296133339,40739.47201046487,1.019481823022943,0.0049092437906074335
Standard_GA,sphere,50,128,200,0.8,0.5,0.3,0.9,485.3296862792969,39.35403296133339,41161.9135447509,1.0043473400000948,0.004858860601380002
Standard_GA,sphere,50,128,200,0.8,0.5,0.3,1.0,485.3296862792969,39.35403296133339,40458.71812525707,1.0112219389993697,0.004943310348608065
Standard_GA,sphere,50,128,200,0.8,0.5,0.6,0.5,485.3296862792969,39.35403296133339,40371.36730486421,1.1213816920062527,0.004954006102634594
Standard_GA,sphere,50,128,200,0.8,0.5,0.6,0.7,485.3296862792969,39.35403296133339,40221.56589360302,1.016393686993979,0.0049724568289821035
Standard_GA,sphere,50,128,200,0.8,0.5,0.6,0.8,485.3296862792969,39.35403296133339,41176.703100422346,1.0248578500177246,0.00485711543034995
Standard_GA,sphere,50,128,200,0.8,0.5,0.6,0.9,485.3296862792969,39.35403296133339,41419.41742127549,1.0261769729841035,0.0048286531402845865
Standard_GA,sphere,50,128,200,0.8,0.5,0.6,1.0,485.3296862792969,39.35403296133339,41636.72663520709,1.0435355110093951,0.0048034515717881735
Standard_GA,sphere,50,128,200,0.8,0.5,0.7,0.5,485.3296862792969,39.35403296133339,41374.02182530275,1.0965997900057118,0.0048339511407539245
Standard_GA,sphere,50,128,200,0.8,0.5,0.7,0.7,485.3296862792969,39.35403296133339,41127.17249379908,1.1166952940111514,0.0048629649906069975
Standard_GA,sphere,50,128,200,0.8,0.5,0.7,0.8,485.3296862792969,39.35403296133339,41421.27751238197,1.0893973270140123,0.0048284363016136925
Standard_GA,sphere,50,128,200,0.8,0.5,0.7,0.9,485.3296862792969,39.35403296133339,40627.99488659636,1.131680692982627,0.004922714019194245
Standard_GA,sphere,50,128,200,0.8,0.5,0.7,1.0,485.3296862792969,39.35403296133339,40596.215262085396,1.1356689789972734,0.004926567629736383
Standard_GA,sphere,50,128,200,0.8,0.8,0.5,0.5,485.3296862792969,39.35403296133339,42099.09603264599,0.856529075972503,0.004750695830734912
Standard_GA,sphere,50,128,200,0.8,0.8,0.5,0.7,485.3296862792969,39.35403296133339,41815.409747618316,0.8606924010091461,0.0047829257493140175
Standard_GA,sphere,50,128,200,0.8,0.8,0.5,0.8,485.3296862792969,39.35403296133339,41567.22616939829,0.8248408040089998,0.004811482950171922
Standard_GA,sphere,50,128,200,0.8,0.8,0.5,0.9,485.3296862792969,39.35403296133339,41780.80005065788,0.9287678459950257,0.0047868877512519245
Standard_GA,sphere,50,128,200,0.8,0.8,0.5,1.0,485.3296862792969,39.35403296133339,41095.18950634761,0.8511958559975028,0.004866749670763965
Standard_GA,sphere,50,128,200,0.8,0.8,0.2,0.5,485.3296862792969,39.35403296133339,40680.897922589655,1.0330070910276845,0.0049163123287144115
Standard_GA,sphere,50,128,200,0.8,0.8,0.2,0.7,485.3296862792969,39.35403296133339,40509.12719945748,1.0101307430013549,0.004937158952234313
Standard_GA,sphere,50,128,200,0.8,0.8,0.2,0.8,485.3296862792969,39.35403296133339,40966.27923883781,1.0362141029909253,0.004882064071134664
Standard_GA,sphere,50,128,200,0.8,0.8,0.2,0.9,485.3296862792969,39.35403296133339,40468.333481818954,1.045184791990323,0.004942135808232706
Standard_GA,sphere,50,128,200,0.8,0.8,0.2,1.0,485.3296862792969,39.35403296133339,40141.88446361011,1.002130898006726,0.004982327129691839
Standard_GA,sphere,50,128,200,0.8,0.8,0.4,0.5,485.3296862792969,39.35403296133339,40046.977747008954,1.170372483000392,0.0049941346701234575
Standard_GA,sphere,50,128,200,0.8,0.8,0.4,0.7,485.3296862792969,39.35403296133339,39912.18018952241,1.0208292760071345,0.005011001630336977
Standard_GA,sphere,50,128,200,0.8,0.8,0.4,0.8,485.3296862792969,39.35403296133339,40146.215405823394,1.03819298101007,0.004981789640150964
Standard_GA,sphere,50,128,200,0.8,0.8,0.4,0.9,485.3296862792969,39.35403296133339,40675.84932725136,1.0492363670200575,0.004916922530392185
Standard_GA,sphere,50,128,200,0.8,0.8,0.4,1.0,485.3296862792969,39.35403296133339,40616.6848307998,1.062864613981219,0.004924084790109191
Standard_GA,sphere,50,128,200,0.8,0.8,0.3,0.5,485.3296862792969,39.35403296133339,41586.94424113328,1.0044803269847762,0.004809201629250311
Standard_GA,sphere,50,128,200,0.8,0.8,0.3,0.7,485.3296862792969,39.35403296133339,41946.496476820736,0.9899802939908113,0.004767978658492211
Standard_GA,sphere,50,128,200,0.8,0.8,0.3,0.8,485.3296862792969,39.35403296133339,41344.81834598622,1.023243834002642,0.004837365551502444
Standard_GA,sphere,50,128,200,0.8,0.8,0.3,0.9,485.3296862792969,39.35403296133339,41663.77537810704,1.0043477609870024,0.004800333099556155
Standard_GA,sphere,50,128,200,0.8,0.8,0.3,1.0,485.3296862792969,39.35403296133339,41429.57512890642,1.0006566890224349,0.004827469250594732
Standard_GA,sphere,50,128,200,0.8,0.8,0.6,0.5,485.3296862792969,39.35403296133339,41539.57287027137,1.0210849000141025,0.004814686001336668
Standard_GA,sphere,50,128,200,0.8,0.8,0.6,0.7,485.3296862792969,39.35403296133339,41142.96847125419,1.0249905799864791,0.004861097957473248
Standard_GA,sphere,50,128,200,0.8,0.8,0.6,0.8,485.3296862792969,39.35403296133339,40999.18304550179,1.044215683999937,0.00487814598105615
Standard_GA,sphere,50,128,200,0.8,0.8,0.6,0.9,485.3296862792969,39.35403296133339,41043.495753380426,1.0414299269905314,0.004872879279137123
Standard_GA,sphere,50,128,200,0.8,0.8,0.6,1.0,485.3296862792969,39.35403296133339,41000.299728315054,1.0542110060050618,0.004878013120032847
Standard_GA,sphere,50,128,200,0.8,0.8,0.7,0.5,485.3296862792969,39.35403296133339,40725.62060664363,1.2126814099901821,0.004910913499188609
Standard_GA,sphere,50,128,200,0.8,0.8,0.7,0.7,485.3296862792969,39.35403296133339,40854.239175000585,1.085850155010121,0.004895452810742427
Standard_GA,sphere,50,128,200,0.8,0.8,0.7,0.8,485.3296862792969,39.35403296133339,40823.33506180781,1.1079721119895112,0.004899158770276699
Standard_GA,sphere,50,128,200,0.8,0.8,0.7,0.9,485.3296862792969,39.35403296133339,40830.0190850344,1.1844688860001042,0.0048983567600953395
Standard_GA,sphere,50,128,200,0.8,0.8,0.7,1.0,485.3296862792969,39.35403296133339,40425.54344098741,1.1723555939970538,0.004947367010463495
Standard_GA,sphere,50,128,200,0.8,1.0,0.5,0.5,485.3296862792969,39.35403296133339,41329.16383366984,0.8556600910087582,0.004839197831461206
Standard_GA,sphere,50,128,200,0.8,1.0,0.5,0.7,485.3296862792969,39.35403296133339,41918.28105837507,0.8563967130030505,0.004771188010345213
Standard_GA,sphere,50,128,200,0.8,1.0,0.5,0.8,485.3296862792969,39.35403296133339,41848.20152351418,0.8461732019786723,0.0047791779029648755
Standard_GA,sphere,50,128,200,0.8,1.0,0.5,0.9,485.3296862792969,39.35403296133339,41783.087056719065,0.8461193640250713,0.004786625739943702
Standard_GA,sphere,50,128,200,0.8,1.0,0.5,1.0,485.3296862792969,39.35403296133339,41760.669423397114,0.8517339910031296,0.004789195258636028
Standard_GA,sphere,50,128,200,0.8,1.0,0.2,0.5,485.3296862792969,39.35403296133339,41302.089341887986,1.0204217330028769,0.004842370039550587
Standard_GA,sphere,50,128,200,0.8,1.0,0.2,0.7,485.3296862792969,39.35403296133339,41222.6862214743,1.027843132003909,0.004851697410631459
Standard_GA,sphere,50,128,200,0.8,1.0,0.2,0.8,485.3296862792969,39.35403296133339,40911.07815451543,1.0059318389976397,0.0048886514123296365
Standard_GA,sphere,50,128,200,0.8,1.0,0.2,0.9,485.3296862792969,39.35403296133339,40799.89682890953,1.0143282790086232,0.0049019731799489815
Standard_GA,sphere,50,128,200,0.8,1.0,0.2,1.0,485.3296862792969,39.35403296133339,40890.232286107996,0.9971516210061964,0.004891143650165759
Standard_GA,sphere,50,128,200,0.8,1.0,0.4,0.5,485.3296862792969,39.35403296133339,40777.5799085963,1.0656417889986187,0.004904655951831955
Standard_GA,sphere,50,128,200,0.8,1.0,0.4,0.7,485.3296862792969,39.35403296133339,40563.75210386222,1.0809239690133836,0.0049305103602819145
Standard_GA,sphere,50,128,200,0.8,1.0,0.4,0.8,485.3296862792969,39.35403296133339,40634.22062744506,1.0675498689815868,0.004921959789353423
Standard_GA,sphere,50,128,200,0.8,1.0,0.4,0.9,485.3296862792969,39.35403296133339,40906.22605562359,1.041469109011814,0.004889231280540116
Standard_GA,sphere,50,128,200,0.8,1.0,0.4,1.0,485.3296862792969,39.35403296133339,41439.1714925689,1.2020032900036313,0.004826351319206878
Standard_GA,sphere,50,128,200,0.8,1.0,0.3,0.5,485.3296862792969,39.35403296133339,41236.77883409488,1.0167318599997088,0.0048500393496942705
Standard_GA,sphere,50,128,200,0.8,1.0,0.3,0.7,485.3296862792969,39.35403296133339,41230.16937250296,1.0158299060130958,0.004850816842226777
Standard_GA,sphere,50,128,200,0.8,1.0,0.3,0.8,485.3296862792969,39.35403296133339,41252.95760445111,0.988881153985858,0.004848137239459902
Standard_GA,sphere,50,128,200,0.8,1.0,0.3,0.9,485.3296862792969,39.35403296133339,41124.51379933224,1.03215205098968,0.00486327938066097
Standard_GA,sphere,50,128,200,0.8,1.0,0.3,1.0,485.3296862792969,39.35403296133339,41423.502600031126,1.007030486012809,0.0048281769393361176
Standard_GA,sphere,50,128,200,0.8,1.0,0.6,0.5,485.3296862792969,39.35403296133339,41246.854879358485,0.9984337099886034,0.00484885455109179
Standard_GA,sphere,50,128,200,0.8,1.0,0.6,0.7,485.3296862792969,39.35403296133339,41232.712228147466,1.028175941988593,0.004850517688319087
Standard_GA,sphere,50,128,200,0.8,1.0,0.6,0.8,485.3296862792969,39.35403296133339,41370.915209957915,1.0428499339905102,0.0048343141307123005
Standard_GA,sphere,50,128,200,0.8,1.0,0.6,0.9,485.3296862792969,39.35403296133339,41374.71444256045,1.01839648099849,0.004833870219881646
Standard_GA,sphere,50,128,200,0.8,1.0,0.6,1.0,485.3296862792969,39.35403296133339,41825.44659790849,1.0331329600012396,0.004781777990865521
Standard_GA,sphere,50,128,200,0.8,1.0,0.7,0.5,485.3296862792969,39.35403296133339,41505.39400069051,1.2834381840075366,0.004818650799861644
Standard_GA,sphere,50,128,200,0.8,1.0,0.7,0.7,485.3296862792969,39.35403296133339,40995.06670952803,1.0817096759856213,0.004878635798231699
Standard_GA,sphere,50,128,200,0.8,1.0,0.7,0.8,485.3296862792969,39.35403296133339,41298.93663696691,1.0816160649992526,0.004842739699524827
Standard_GA,sphere,50,128,200,0.8,1.0,0.7,0.9,485.3296862792969,39.35403296133339,40480.44213117966,1.0723757910018321,0.004940657499537338
Standard_GA,sphere,50,128,200,0.8,1.0,0.7,1.0,485.3296862792969,39.35403296133339,40494.63851605955,1.0693643059930764,0.004938925431342795
Standard_GA,sphere,50,128,200,0.9,0.5,0.5,0.5,485.3296862792969,39.35403296133339,41164.81219300172,0.8602586550114211,0.004858518461405765
Standard_GA,sphere,50,128,200,0.9,0.5,0.5,0.7,485.3296862792969,39.35403296133339,41944.446385715724,0.8371721029980108,0.004768211699847598
Standard_GA,sphere,50,128,200,0.9,0.5,0.5,0.8,485.3296862792969,39.35403296133339,42222.45375715388,0.8459828399936669,0.004736816129880026
Standard_GA,sphere,50,128,200,0.9,0.5,0.5,0.9,485.3296862792969,39.35403296133339,42336.63939008224,0.8376804220024496,0.004724040520959534
Standard_GA,sphere,50,128,200,0.9,0.5,0.5,1.0,485.3296862792969,39.35403296133339,42533.50336202711,0.8529733559989836,0.004702175560232717
Standard_GA,sphere,50,128,200,0.9,0.5,0.2,0.5,485.3296862792969,39.35403296133339,41058.826311820034,0.9908462300081737,0.004871059841825627
Standard_GA,sphere,50,128,200,0.9,0.5,0.2,0.7,485.3296862792969,39.35403296133339,41217.69467947833,1.0187960629991721,0.004852284960506949
Standard_GA,sphere,50,128,200,0.9,0.5,0.2,0.8,485.3296862792969,39.35403296133339,41209.85855922724,1.0080311939818785,0.004853207630221732
Standard_GA,sphere,50,128,200,0.9,0.5,0.2,0.9,485.3296862792969,39.35403296133339,41045.23647875816,1.0459491169895045,0.0048726726206950845
Standard_GA,sphere,50,128,200,0.9,0.5,0.2,1.0,485.3296862792969,39.35403296133339,41172.23276025949,1.0186186210194137,0.004857642799324821
Standard_GA,sphere,50,128,200,0.9,0.5,0.4,0.5,485.3296862792969,39.35403296133339,41007.006185269,1.0671198400086723,0.00487721534940647
Standard_GA,sphere,50,128,200,0.9,0.5,0.4,0.7,485.3296862792969,39.35403296133339,40860.32342180586,1.0326458920026198,0.0048947238604887386
Standard_GA,sphere,50,128,200,0.9,0.5,0.4,0.8,485.3296862792969,39.35403296133339,40510.42175776944,1.0140789599972777,0.004937001179496292
Standard_GA,sphere,50,128,200,0.9,0.5,0.4,0.9,485.3296862792969,39.35403296133339,40769.28168531086,1.0822211450140458,0.004905654250760563
Standard_GA,sphere,50,128,200,0.9,0.5,0.4,1.0,485.3296862792969,39.35403296133339,40162.88667573828,1.0590611590014305,0.004979721741983667
Standard_GA,sphere,50,128,200,0.9,0.5,0.3,0.5,485.3296862792969,39.35403296133339,39829.80848958744,1.031155797012616,0.005021364841668401
Standard_GA,sphere,50,128,200,0.9,0.5,0.3,0.7,485.3296862792969,39.35403296133339,40424.44444647837,1.0208088119979948,0.004947501511487644
Standard_GA,sphere,50,128,200,0.9,0.5,0.3,0.8,485.3296862792969,39.35403296133339,40304.17641297024,1.037626203004038,0.004962264901550952
Standard_GA,sphere,50,128,200,0.9,0.5,0.3,0.9,485.3296862792969,39.35403296133339,39984.88507700969,1.022608819999732,0.005001890079583972
Standard_GA,sphere,50,128,200,0.9,0.5,0.3,1.0,485.3296862792969,39.35403296133339,40389.3933375986,1.002901642001234,0.004951795099477749
Standard_GA,sphere,50,128,200,0.9,0.5,0.6,0.5,485.3296862792969,39.35403296133339,40929.318670644985,1.0471536370168906,0.004886472741200123
Standard_GA,sphere,50,128,200,0.9,0.5,0.6,0.7,485.3296862792969,39.35403296133339,40897.77044701271,1.0289081590017304,0.00489024212845834
Standard_GA,sphere,50,128,200,0.9,0.5,0.6,0.8,485.3296862792969,39.35403296133339,40259.89371429689,1.0394379049830604,0.0049677230004454035
Standard_GA,sphere,50,128,200,0.9,0.5,0.6,0.9,485.3296862792969,39.35403296133339,40290.52084948319,1.0444485720072407,0.004963946749339812
Standard_GA,sphere,50,128,200,0.9,0.5,0.6,1.0,485.3296862792969,39.35403296133339,40304.98507691755,1.0393701430002693,0.004962165340548381
Standard_GA,sphere,50,128,200,0.9,0.5,0.7,0.5,485.3296862792969,39.35403296133339,39869.2513406474,1.0967930910119321,0.0050163971801521256
Standard_GA,sphere,50,128,200,0.9,0.5,0.7,0.7,485.3296862792969,39.35403296133339,40119.86040613297,1.0912122369918507,0.00498506221047137
Standard_GA,sphere,50,128,200,0.9,0.5,0.7,0.8,485.3296862792969,39.35403296133339,41000.69559784854,1.0980818230018485,0.0048779660218860954
Standard_GA,sphere,50,128,200,0.9,0.5,0.7,0.9,485.3296862792969,39.35403296133339,40886.7044036865,1.1075582900084555,0.004891565679281484
Standard_GA,sphere,50,128,200,0.9,0.5,0.7,1.0,485.3296862792969,39.35403296133339,41110.425388208445,1.1111022099794354,0.004864946010929998
Standard_GA,sphere,50,128,200,0.9,0.8,0.5,0.5,485.3296862792969,39.35403296133339,41279.153112310705,0.824821329995757,0.004845060640072916
Standard_GA,sphere,50,128,200,0.9,0.8,0.5,0.7,485.3296862792969,39.35403296133339,41517.41665682501,0.8524145040137228,0.004817255410016514
Standard_GA,sphere,50,128,200,0.9,0.8,0.5,0.8,485.3296862792969,39.35403296133339,41513.25596954535,0.8433956610097084,0.004817738221900072
Standard_GA,sphere,50,128,200,0.9,0.8,0.5,0.9,485.3296862792969,39.35403296133339,41535.81077039904,0.8696333940024488,0.004815122090803925
Standard_GA,sphere,50,128,200,0.9,0.8,0.5,1.0,485.3296862792969,39.35403296133339,41578.3245147853,0.8350342379999347,0.004810198639170267
Standard_GA,sphere,50,128,200,0.9,0.8,0.2,0.5,485.3296862792969,39.35403296133339,40665.29877454135,1.013650303997565,0.00491819821880199
Standard_GA,sphere,50,128,200,0.9,0.8,0.2,0.7,485.3296862792969,39.35403296133339,41597.33967984903,1.0046374629891943,0.004807999779295642
Standard_GA,sphere,50,128,200,0.9,0.8,0.2,0.8,485.3296862792969,39.35403296133339,40967.779560792806,1.00073800701648,0.004881885280192364
Standard_GA,sphere,50,128,200,0.9,0.8,0.2,0.9,485.3296862792969,39.35403296133339,40528.69644525169,1.0187983509968035,0.004934775049332529
Standard_GA,sphere,50,128,200,0.9,0.8,0.2,1.0,485.3296862792969,39.35403296133339,40418.265673837726,1.0339458649978042,0.004948257840005681
Standard_GA,sphere,50,128,200,0.9,0.8,0.4,0.5,485.3296862792969,39.35403296133339,40588.314483069735,1.0024282409867737,0.004927526618121192
Standard_GA,sphere,50,128,200,0.9,0.8,0.4,0.7,485.3296862792969,39.35403296133339,40306.261324700965,1.0658116199774668,0.004962008219736163
Standard_GA,sphere,50,128,200,0.9,0.8,0.4,0.8,485.3296862792969,39.35403296133339,40934.8148603883,1.0527660160150845,0.004885816649766639
Standard_GA,sphere,50,128,200,0.9,0.8,0.4,0.9,485.3296862792969,39.35403296133339,40755.57668694262,1.0726232640154194,0.004907303889631294
Standard_GA,sphere,50,128,200,0.9,0.8,0.4,1.0,485.3296862792969,39.35403296133339,40174.28051984281,1.1147207249887288,0.004978309441066813
Standard_GA,sphere,50,128,200,0.9,0.8,0.3,0.5,485.3296862792969,39.35403296133339,40288.77202627147,1.0205359660030808,0.004964162220421713
Standard_GA,sphere,50,128,200,0.9,0.8,0.3,0.7,485.3296862792969,39.35403296133339,40685.62792245308,1.0291373030049726,0.004915740771684796
Standard_GA,sphere,50,128,200,0.9,0.8,0.3,0.8,485.3296862792969,39.35403296133339,40343.38921141994,1.0366674629913177,0.00495744170009857
Standard_GA,sphere,50,128,200,0.9,0.8,0.3,0.9,485.3296862792969,39.35403296133339,41765.54580869701,1.0271300979948137,0.0047886360905249606
Standard_GA,sphere,50,128,200,0.9,0.8,0.3,1.0,485.3296862792969,39.35403296133339,40716.31081874518,1.0251327769947238,0.00491203637997387
Standard_GA,sphere,50,128,200,0.9,0.8,0.6,0.5,485.3296862792969,39.35403296133339,40467.837729011626,1.0421660570136737,0.00494219635205809
Standard_GA,sphere,50,128,200,0.9,0.8,0.6,0.7,485.3296862792969,39.35403296133339,40797.50079997194,0.9869037299940828,0.004902261071838439
Standard_GA,sphere,50,128,200,0.9,0.8,0.6,0.8,485.3296862792969,39.35403296133339,40650.30461507838,1.0234540670062415,0.004920012331858743
Standard_GA,sphere,50,128,200,0.9,0.8,0.6,0.9,485.3296862792969,39.35403296133339,40536.72422262894,1.0388222519832198,0.004933797780540772
Standard_GA,sphere,50,128,200,0.9,0.8,0.6,1.0,485.3296862792969,39.35403296133339,40698.99504316194,1.0147481670137495,0.004914126252697315
Standard_GA,sphere,50,128,200,0.9,0.8,0.7,0.5,485.3296862792969,39.35403296133339,41269.8911183498,1.1063920680026058,0.0048461479926481844
Standard_GA,sphere,50,128,200,0.9,0.8,0.7,0.7,485.3296862792969,39.35403296133339,40330.75632349895,1.0930012419994455,0.004958994530024938
Standard_GA,sphere,50,128,200,0.9,0.8,0.7,0.8,485.3296862792969,39.35403296133339,41234.48623432569,1.0888079580035992,0.0048503090074518695
Standard_GA,sphere,50,128,200,0.9,0.8,0.7,0.9,485.3296862792969,39.35403296133339,40815.10874757422,1.126217857003212,0.004900146199215669
Standard_GA,sphere,50,128,200,0.9,0.8,0.7,1.0,485.3296862792969,39.35403296133339,41021.95916111701,1.083521511987783,0.004875437548325863
Standard_GA,sphere,50,128,200,0.9,1.0,0.5,0.5,485.3296862792969,39.35403296133339,42013.80405737081,0.8537758569873404,0.0047603401902597394
Standard_GA,sphere,50,128,200,0.9,1.0,0.5,0.7,485.3296862792969,39.35403296133339,42164.17138135077,0.8503937770146877,0.0047433637006906795
Standard_GA,sphere,50,128,200,0.9,1.0,0.5,0.8,485.3296862792969,39.35403296133339,41718.4739818656,0.8613643040007446,0.004794039208791219
Standard_GA,sphere,50,128,200,0.9,1.0,0.5,0.9,485.3296862792969,39.35403296133339,41836.824532497674,0.8798468679888174,0.004780477539461572
Standard_GA,sphere,50,128,200,0.9,1.0,0.5,1.0,485.3296862792969,39.35403296133339,42042.40108977968,0.8609787570021581,0.004757102230505552
Standard_GA,sphere,50,128,200,0.9,1.0,0.2,0.5,485.3296862792969,39.35403296133339,41083.22942976983,1.0063127830217127,0.004868166470259894
Standard_GA,sphere,50,128,200,0.9,1.0,0.2,0.7,485.3296862792969,39.35403296133339,41193.663183196244,1.0203050120035186,0.004855115679092705
Standard_GA,sphere,50,128,200,0.9,1.0,0.2,0.8,485.3296862792969,39.35403296133339,40859.02011324381,1.0109542949940078,0.0048948799908976074
Standard_GA,sphere,50,128,200,0.9,1.0,0.2,0.9,485.3296862792969,39.35403296133339,41312.603438330654,0.9967559869983234,0.004841137651819736
Standard_GA,sphere,50,128,200,0.9,1.0,0.2,1.0,485.3296862792969,39.35403296133339,41285.42219922121,1.0416577529977076,0.004844324929872528
Standard_GA,sphere,50,128,200,0.9,1.0,0.4,0.5,485.3296862792969,39.35403296133339,40868.18133565252,1.0458706530043855,0.004893782729341183
Standard_GA,sphere,50,128,200,0.9,1.0,0.4,0.7,485.3296862792969,39.35403296133339,40960.56858455283,1.0486065419972874,0.004882744720380288
Standard_GA,sphere,50,128,200,0.9,1.0,0.4,0.8,485.3296862792969,39.35403296133339,40919.15101331766,1.298219523014268,0.004887686939910054
Standard_GA,sphere,50,128,200,0.9,1.0,0.4,0.9,485.3296862792969,39.35403296133339,40924.272906239115,1.0701659960031975,0.004887075219594408
Standard_GA,sphere,50,128,200,0.9,1.0,0.4,1.0,485.3296862792969,39.35403296133339,40880.682903030334,1.0160820730088744,0.0048922861801111136
Standard_GA,sphere,50,128,200,0.9,1.0,0.3,0.5,485.3296862792969,39.35403296133339,40094.926981757686,1.016867230006028,0.004988162220397499
Standard_GA,sphere,50,128,200,0.9,1.0,0.3,0.7,485.3296862792969,39.35403296133339,39937.82360213046,1.1220581519883126,0.005007784149493091
Standard_GA,sphere,50,128,200,0.9,1.0,0.3,0.8,485.3296862792969,39.35403296133339,40161.578634261794,1.0503603830002248,0.004979883928899653
Standard_GA,sphere,50,128,200,0.9,1.0,0.3,0.9,485.3296862792969,39.35403296133339,40496.32532337903,1.0311728320084512,0.004938719708588906
Standard_GA,sphere,50,128,200,0.9,1.0,0.3,1.0,485.3296862792969,39.35403296133339,41000.86675114064,1.0573119159962516,0.004877945659391116
Standard_GA,sphere,50,128,200,0.9,1.0,0.6,0.5,485.3296862792969,39.35403296133339,40604.28145061125,1.0639654049882665,0.004925588949117809
Standard_GA,sphere,50,128,200,0.9,1.0,0.6,0.7,485.3296862792969,39.35403296133339,41088.66876973731,1.0165903739980422,0.0048675220197765155
Standard_GA,sphere,50,128,200,0.9,1.0,0.6,0.8,485.3296862792969,39.35403296133339,41022.55798421471,1.0242400729912333,0.004875366379565094
Standard_GA,sphere,50,128,200,0.9,1.0,0.6,0.9,485.3296862792969,39.35403296133339,40834.11904453337,1.052509643981466,0.004897864939412102
Standard_GA,sphere,50,128,200,0.9,1.0,0.6,1.0,485.3296862792969,39.35403296133339,41279.70349921257,1.045288191002328,0.004844996040337719
Standard_GA,sphere,50,128,200,0.9,1.0,0.7,0.5,485.3296862792969,39.35403296133339,41327.12582900461,1.127714048983762,0.004839436471520457
Standard_GA,sphere,50,128,200,0.9,1.0,0.7,0.7,485.3296862792969,39.35403296133339,40360.18169786124,1.1180718149989843,0.004955379078746773
Standard_GA,sphere,50,128,200,0.9,1.0,0.7,0.8,485.3296862792969,39.35403296133339,40970.097329856995,1.0983380149991717,0.004881609101139475
Standard_GA,sphere,50,128,200,0.9,1.0,0.7,0.9,485.3296862792969,39.35403296133339,40608.77508235168,1.085869479982648,0.004925043899856973
Standard_GA,sphere,50,128,200,0.9,1.0,0.7,1.0,485.3296862792969,39.35403296133339,41625.65187642966,1.118036433996167,0.004804729559400585
Standard_GA,sphere,50,128,200,1.0,0.5,0.5,0.5,485.3296862792969,39.35403296133339,41920.90377473673,0.8503909680002835,0.004770889508363325
Standard_GA,sphere,50,128,200,1.0,0.5,0.5,0.7,485.3296862792969,39.35403296133339,41547.43824114036,0.8448192439973354,0.004813774530193768
Standard_GA,sphere,50,128,200,1.0,0.5,0.5,0.8,485.3296862792969,39.35403296133339,41660.0259598693,0.8592539299861528,0.00480076513136737
Standard_GA,sphere,50,128,200,1.0,0.5,0.5,0.9,485.3296862792969,39.35403296133339,41543.11294840906,0.8281266810081434,0.004814275719982106
Standard_GA,sphere,50,128,200,1.0,0.5,0.5,1.0,485.3296862792969,39.35403296133339,41599.834016270106,0.8509697590197902,0.004807711490429938
Standard_GA,sphere,50,128,200,1.0,0.5,0.2,0.5,485.3296862792969,39.35403296133339,40594.36169061537,1.0343007920018863,0.004926792580808978
Standard_GA,sphere,50,128,200,1.0,0.5,0.2,0.7,485.3296862792969,39.35403296133339,40098.043953338645,1.0326151799818035,0.004987774471810553
Standard_GA,sphere,50,128,200,1.0,0.5,0.2,0.8,485.3296862792969,39.35403296133339,40380.15931915031,1.0324165030033328,0.004952927461708896
Standard_GA,sphere,50,128,200,1.0,0.5,0.2,0.9,485.3296862792969,39.35403296133339,40952.23336015953,1.0004475899913814,0.0048837385312072
Standard_GA,sphere,50,128,200,1.0,0.5,0.2,1.0,485.3296862792969,39.35403296133339,40993.67604111595,0.9780652560002636,0.004878801300947089
Standard_GA,sphere,50,128,200,1.0,0.5,0.4,0.5,485.3296862792969,39.35403296133339,40612.76243239354,0.9999954499944579,0.0049245603603776545
Standard_GA,sphere,50,128,200,1.0,0.5,0.4,0.7,485.3296862792969,39.35403296133339,40803.390436813905,1.0338043269875925,0.004901553470408544
Standard_GA,sphere,50,128,200,1.0,0.5,0.4,0.8,485.3296862792969,39.35403296133339,40675.61713477756,1.0514695039892104,0.0049169505981262775
Standard_GA,sphere,50,128,200,1.0,0.5,0.4,0.9,485.3296862792969,39.35403296133339,40704.775490337466,1.0793897719995584,0.004913428402214776
Standard_GA,sphere,50,128,200,1.0,0.5,0.4,1.0,485.3296862792969,39.35403296133339,40820.49920353574,1.1136152739927638,0.004899499121820554
Standard_GA,sphere,50,128,200,1.0,0.5,0.3,0.5,485.3296862792969,39.35403296133339,40804.85720458999,1.0211234129965305,0.004901377279602457
Standard_GA,sphere,50,128,200,1.0,0.5,0.3,0.7,485.3296862792969,39.35403296133339,40212.02239082376,1.049146381992614,0.004973636940121651
Standard_GA,sphere,50,128,200,1.0,0.5,0.3,0.8,485.3296862792969,39.35403296133339,40103.003846416585,1.0097276180167682,0.004987157589639537
Standard_GA,sphere,50,128,200,1.0,0.5,0.3,0.9,485.3296862792969,39.35403296133339,40388.756177934134,1.38934754600632,0.004951873217360117
Standard_GA,sphere,50,128,200,1.0,0.5,0.3,1.0,485.3296862792969,39.35403296133339,40413.18407515245,1.0316531260032207,0.004948880039446522
Standard_GA,sphere,50,128,200,1.0,0.5,0.6,0.5,485.3296862792969,39.35403296133339,40190.06509818871,1.0212629699963145,0.004976354218670167
Standard_GA,sphere,50,128,200,1.0,0.5,0.6,0.7,485.3296862792969,39.35403296133339,40544.28667532234,1.0524831330112647,0.004932877512474078
Standard_GA,sphere,50,128,200,1.0,0.5,0.6,0.8,485.3296862792969,39.35403296133339,40428.170290940056,1.0283394689904526,0.004947045551671181
Standard_GA,sphere,50,128,200,1.0,0.5,0.6,0.9,485.3296862792969,39.35403296133339,40927.01113384953,1.0501325599907432,0.004886748249118682
Standard_GA,sphere,50,128,200,1.0,0.5,0.6,1.0,485.3296862792969,39.35403296133339,40604.50056939884,1.0105127840070054,0.004925562368589454
Standard_GA,sphere,50,128,200,1.0,0.5,0.7,0.5,485.3296862792969,39.35403296133339,41366.40772558807,1.1143937630113214,0.00483484090102138
Standard_GA,sphere,50,128,200,1.0,0.5,0.7,0.7,485.3296862792969,39.35403296133339,41781.149869158864,1.1013932859932538,0.004786847672367003
Standard_GA,sphere,50,128,200,1.0,0.5,0.7,0.8,485.3296862792969,39.35403296133339,41015.38801732421,1.1006259710120503,0.004876218650315423
Standard_GA,sphere,50,128,200,1.0,0.5,0.7,0.9,485.3296862792969,39.35403296133339,40482.300945998504,1.0979354710143525,0.004940430640708655
Standard_GA,sphere,50,128,200,1.0,0.5,0.7,1.0,485.3296862792969,39.35403296133339,41506.715604154415,1.0833402040007059,0.00481849737057928
Standard_GA,sphere,50,128,200,1.0,0.8,0.5,0.5,485.3296862792969,39.35403296133339,42008.60701023275,0.8568886079883669,0.004760929110343568
Standard_GA,sphere,50,128,200,1.0,0.8,0.5,0.7,485.3296862792969,39.35403296133339,42220.34773810196,0.8417756150010973,0.0047370524099096655
Standard_GA,sphere,50,128,200,1.0,0.8,0.5,0.8,485.3296862792969,39.35403296133339,41341.30568864573,0.8515927330008708,0.0048377765691839155
Standard_GA,sphere,50,128,200,1.0,0.8,0.5,0.9,485.3296862792969,39.35403296133339,40871.8768173537,0.8293966730125248,0.004893340251874179
Standard_GA,sphere,50,128,200,1.0,0.8,0.5,1.0,485.3296862792969,39.35403296133339,41716.67922333906,0.8392777949920855,0.004794245460652746
Standard_GA,sphere,50,128,200,1.0,0.8,0.2,0.5,485.3296862792969,39.35403296133339,40767.14677995176,0.9900459579948802,0.004905911151436158
Standard_GA,sphere,50,128,200,1.0,0.8,0.2,0.7,485.3296862792969,39.35403296133339,41068.159920857615,1.0103902370028663,0.004869952790322714
Standard_GA,sphere,50,128,200,1.0,0.8,0.2,0.8,485.3296862792969,39.35403296133339,41407.49303225365,1.3447556930186693,0.0048300436793942934
Standard_GA,sphere,50,128,200,1.0,0.8,0.2,0.9,485.3296862792969,39.35403296133339,41272.033436209684,1.016141431988217,0.00484589644242078
Standard_GA,sphere,50,128,200,1.0,0.8,0.2,1.0,485.3296862792969,39.35403296133339,41266.943435226465,1.0139647510077339,0.00484649415127933
Standard_GA,sphere,50,128,200,1.0,0.8,0.4,0.5,485.3296862792969,39.35403296133339,41676.447251863865,1.0361852920032106,0.004798873541003559
Standard_GA,sphere,50,128,200,1.0,0.8,0.4,0.7,485.3296862792969,39.35403296133339,41274.88954741489,0.999563126009889,0.004845561119436752
Standard_GA,sphere,50,128,200,1.0,0.8,0.4,0.8,485.3296862792969,39.35403296133339,40685.16073707864,1.0104608930123504,0.004915797218855005
Standard_GA,sphere,50,128,200,1.0,0.8,0.4,0.9,485.3296862792969,39.35403296133339,40600.737191461485,1.0460422390024178,0.004926018930564169
Standard_GA,sphere,50,128,200,1.0,0.8,0.4,1.0,485.3296862792969,39.35403296133339,40829.71356737883,1.0237971110036597,0.004898393413168378
Standard_GA,sphere,50,128,200,1.0,0.8,0.3,0.5,485.3296862792969,39.35403296133339,41777.08330826747,1.0159915430122055,0.004787313621782232
Standard_GA,sphere,50,128,200,1.0,0.8,0.3,0.7,485.3296862792969,39.35403296133339,41809.23143549161,1.038165117992321,0.004783632540784311
Standard_GA,sphere,50,128,200,1.0,0.8,0.3,0.8,485.3296862792969,39.35403296133339,41732.258221633696,1.0243864250078332,0.0047924557290389205
Standard_GA,sphere,50,128,200,1.0,0.8,0.3,0.9,485.3296862792969,39.35403296133339,41598.42334092134,1.0060416040068958,0.004807874528341927
Standard_GA,sphere,50,128,200,1.0,0.8,0.3,1.0,485.3296862792969,39.35403296133339,41888.274228691196,1.0448438889870886,0.004774605869606603
Standard_GA,sphere,50,128,200,1.0,0.8,0.6,0.5,485.3296862792969,39.35403296133339,41607.82826104186,1.0661648219975177,0.0048067877694847995
Standard_GA,sphere,50,128,200,1.0,0.8,0.6,0.7,485.3296862792969,39.35403296133339,41551.86915923494,1.0231747629877646,0.0048132612093468195
Standard_GA,sphere,50,128,200,1.0,0.8,0.6,0.8,485.3296862792969,39.35403296133339,40539.25609912424,1.0030245620000642,0.0049334896405343895
Standard_GA,sphere,50,128,200,1.0,0.8,0.6,0.9,485.3296862792969,39.35403296133339,41595.95441213784,1.0141842199955136,0.004808159899839666
Standard_GA,sphere,50,128,200,1.0,0.8,0.6,1.0,485.3296862792969,39.35403296133339,41342.76702501841,1.003810437017819,0.004837605569045991
Standard_GA,sphere,50,128,200,1.0,0.8,0.7,0.5,485.3296862792969,39.35403296133339,41468.25078379467,1.116396747995168,0.0048229668775456955
Standard_GA,sphere,50,128,200,1.0,0.8,0.7,0.7,485.3296862792969,39.35403296133339,41371.67481086558,1.0887044810224324,0.004834225370723288
Standard_GA,sphere,50,128,200,1.0,0.8,0.7,0.8,485.3296862792969,39.35403296133339,41597.93734219322,1.072882059001131,0.004807930699898861
Standard_GA,sphere,50,128,200,1.0,0.8,0.7,0.9,485.3296862792969,39.35403296133339,40845.1150895057,1.100635094975587,0.004896546369418502
Standard_GA,sphere,50,128,200,1.0,0.8,0.7,1.0,485.3296862792969,39.35403296133339,41202.316293024865,1.1014593130094,0.004854096031340305
Standard_GA,sphere,50,128,200,1.0,1.0,0.5,0.5,485.3296862792969,39.35403296133339,42221.02395356887,0.8462077430158388,0.004736976540880278
Standard_GA,sphere,50,128,200,1.0,1.0,0.5,0.7,485.3296862792969,39.35403296133339,41859.28687904482,0.8494529649906326,0.004777912260615267
Standard_GA,sphere,50,128,200,1.0,1.0,0.5,0.8,485.3296862792969,39.35403296133339,41580.02618791102,0.8574123250145931,0.004810001780570019
Standard_GA,sphere,50,128,200,1.0,1.0,0.5,0.9,485.3296862792969,39.35403296133339,42284.30718975076,0.847836834989721,0.004729887121065986
Standard_GA,sphere,50,128,200,1.0,1.0,0.5,1.0,485.3296862792969,39.35403296133339,41782.071903060285,0.8691721610084642,0.004786742037686054
Standard_GA,sphere,50,128,200,1.0,1.0,0.2,0.5,485.3296862792969,39.35403296133339,40809.61019387984,1.0154202680278104,0.004900806428922806
Standard_GA,sphere,50,128,200,1.0,1.0,0.2,0.7,485.3296862792969,39.35403296133339,40977.22511181042,1.0198900360264815,0.004880759969819337
Standard_GA,sphere,50,128,200,1.0,1.0,0.2,0.8,485.3296862792969,39.35403296133339,40933.88338166339,1.0351404380053282,0.004885927829891443
Standard_GA,sphere,50,128,200,1.0,1.0,0.2,0.9,485.3296862792969,39.35403296133339,41172.68163130418,1.0247117380204145,0.004857589840539731
Standard_GA,sphere,50,128,200,1.0,1.0,0.2,1.0,485.3296862792969,39.35403296133339,40963.65464734511,1.022646531026112,0.004882376870955341
Standard_GA,sphere,50,128,200,1.0,1.0,0.4,0.5,485.3296862792969,39.35403296133339,40090.75496848854,1.0485195649962407,0.004988681309623644
Standard_GA,sphere,50,128,200,1.0,1.0,0.4,0.7,485.3296862792969,39.35403296133339,40861.83593343178,1.052850958018098,0.004894542680995073
Standard_GA,sphere,50,128,200,1.0,1.0,0.4,0.8,485.3296862792969,39.35403296133339,40739.05941841073,1.0013156479981262,0.004909293509845156
Standard_GA,sphere,50,128,200,1.0,1.0,0.4,0.9,485.3296862792969,39.35403296133339,41016.90176805345,1.0475896180141717,0.0048760386908543295
Standard_GA,sphere,50,128,200,1.0,1.0,0.4,1.0,485.3296862792969,39.35403296133339,39861.17547583401,1.0359081460046582,0.005017413501045667
Standard_GA,sphere,50,128,200,1.0,1.0,0.3,0.5,485.3296862792969,39.35403296133339,40994.164158129286,1.0208917479903903,0.00487874320911942
Standard_GA,sphere,50,128,200,1.0,1.0,0.3,0.7,485.3296862792969,39.35403296133339,41553.41526660344,1.0218775199900847,0.004813082118926104
Standard_GA,sphere,50,128,200,1.0,1.0,0.3,0.8,485.3296862792969,39.35403296133339,41876.31573181329,1.0205625010130461,0.004775969339825679
Standard_GA,sphere,50,128,200,1.0,1.0,0.3,0.9,485.3296862792969,39.35403296133339,41720.8775594729,1.0093124539998826,0.004793763019843027
Standard_GA,sphere,50,128,200,1.0,1.0,0.3,1.0,485.3296862792969,39.35403296133339,40819.22136657061,1.4070210659992881,0.004899652499589137
Standard_GA,sphere,50,128,200,1.0,1.0,0.6,0.5,485.3296862792969,39.35403296133339,41092.9160063845,1.043849704990862,0.0048670189277618195
Standard_GA,sphere,50,128,200,1.0,1.0,0.6,0.7,485.3296862792969,39.35403296133339,40961.6513019211,1.0335556700010784,0.004882615657406859
Standard_GA,sphere,50,128,200,1.0,1.0,0.6,0.8,485.3296862792969,39.35403296133339,40883.07675096873,1.0487258920038585,0.004891999719548039
Standard_GA,sphere,50,128,200,1.0,1.0,0.6,0.9,485.3296862792969,39.35403296133339,40824.50700394912,1.0356356260017492,0.0048990181309636685
Standard_GA,sphere,50,128,200,1.0,1.0,0.6,1.0,485.3296862792969,39.35403296133339,40420.65337144859,1.0349778730014805,0.004947965540341101
Standard_GA,sphere,50,128,200,1.0,1.0,0.7,0.5,485.3296862792969,39.35403296133339,40567.67491465786,1.1508325509785209,0.004930033590062522
Standard_GA,sphere,50,128,200,1.0,1.0,0.7,0.7,485.3296862792969,39.35403296133339,40348.4673702067,1.1043040380172897,0.004956817768688779
Standard_GA,sphere,50,128,200,1.0,1.0,0.7,0.8,485.3296862792969,39.35403296133339,40031.47539030385,1.1015120210067835,0.004996068669715897
Standard_GA,sphere,50,128,200,1.0,1.0,0.7,0.9,485.3296862792969,39.35403296133339,39999.099936566156,1.1056287170213182,0.005000112510460894
Standard_GA,sphere,50,128,200,1.0,1.0,0.7,1.0,485.3296862792969,39.35403296133339,40606.403432282335,1.1106321800034493,0.004925331551057752
Standard_GA,rosenbrock,50,128,200,0.8,0.5,0.5,0.5,1141292.204375,185125.43610923222,40440.204982565,0.8753872380184475,0.004945573349250481
Standard_GA,rosenbrock,50,128,200,0.8,0.5,0.5,0.7,1141292.204375,185125.43610923222,41353.59665378455,0.85869895099313,0.004836338702880312
Standard_GA,rosenbrock,50,128,200,0.8,0.5,0.5,0.8,1141292.204375,185125.43610923222,40773.907034825024,0.8644530420133378,0.004905097758455668
Standard_GA,rosenbrock,50,128,200,0.8,0.5,0.5,0.9,1141292.204375,185125.43610923222,40490.07715519018,0.8654302310023922,0.004939481820038054
Standard_GA,rosenbrock,50,128,200,0.8,0.5,0.5,1.0,1141292.204375,185125.43610923222,41264.354688712905,0.8694857700029388,0.00484679819928715
Standard_GA,rosenbrock,50,128,200,0.8,0.5,0.2,0.5,1141292.204375,185125.43610923222,39849.41132605285,1.0492335399903823,0.005018894717504736
Standard_GA,rosenbrock,50,128,200,0.8,0.5,0.2,0.7,1141292.204375,185125.43610923222,41016.34615791041,1.0579317629744764,0.004876104741997551
Standard_GA,rosenbrock,50,128,200,0.8,0.5,0.2,0.8,1141292.204375,185125.43610923222,41146.31965617671,1.0416082240117248,0.004860702042642515
Standard_GA,rosenbrock,50,128,200,0.8,0.5,0.2,0.9,1141292.204375,185125.43610923222,40388.65071575453,1.0393457530008163,0.004951886147609912
Standard_GA,rosenbrock,50,128,200,0.8,0.5,0.2,1.0,1141292.204375,185125.43610923222,40429.03323299726,1.0482528209977318,0.004946939958899748
Standard_GA,rosenbrock,50,128,200,0.8,0.5,0.4,0.5,1141292.204375,185125.43610923222,40011.06578029987,1.0168264609819744,0.004998617160017602
Standard_GA,rosenbrock,50,128,200,0.8,0.5,0.4,0.7,1141292.204375,185125.43610923222,40046.915199506984,1.0541256940050516,0.004994142470241059
Standard_GA,rosenbrock,50,128,200,0.8,0.5,0.4,0.8,1141292.204375,185125.43610923222,40697.31918406554,1.093585228023585,0.004914328609593213
Standard_GA,rosenbrock,50,128,200,0.8,0.5,0.4,0.9,1141292.204375,185125.43610923222,40884.058654789216,1.0730473340081517,0.0048918822294217535
Standard_GA,rosenbrock,50,128,200,0.8,0.5,0.4,1.0,1141292.204375,185125.43610923222,40229.958884231055,1.0902589450124651,0.004971419448265806
Standard_GA,rosenbrock,50,128,200,0.8,0.5,0.3,0.5,1141292.204375,185125.43610923222,40442.6371322228,1.0454512009746395,0.004945275931095239
Standard_GA,rosenbrock,50,128,200,0.8,0.5,0.3,0.7,1141292.204375,185125.43610923222,40359.58641684718,1.037191665993305,0.004955452167778276
Standard_GA,rosenbrock,50,128,200,0.8,0.5,0.3,0.8,1141292.204375,185125.43610923222,41446.96047002884,1.0480919879919384,0.004825444320449606
Standard_GA,rosenbrock,50,128,200,0.8,0.5,0.3,0.9,1141292.204375,185125.43610923222,40829.61491113235,1.0302768340043258,0.004898405249114148
Standard_GA,rosenbrock,50,128,200,0.8,0.5,0.3,1.0,1141292.204375,185125.43610923222,40713.04287985887,1.0221877089934424,0.004912430657423101
Standard_GA,rosenbrock,50,128,200,0.8,0.5,0.6,0.5,1141292.204375,185125.43610923222,40357.02193761514,1.0704913289810065,0.004955767061037477
Standard_GA,rosenbrock,50,128,200,0.8,0.5,0.6,0.7,1141292.204375,185125.43610923222,40382.90399981679,1.0763215799815953,0.0049525908290524966
Standard_GA,rosenbrock,50,128,200,0.8,0.5,0.6,0.8,1141292.204375,185125.43610923222,41163.137889688536,1.0532475659856573,0.004858716080780141
Standard_GA,rosenbrock,50,128,200,0.8,0.5,0.6,0.9,1141292.204375,185125.43610923222,40940.912819587575,1.0444789270113688,0.0048850889300229025
Standard_GA,rosenbrock,50,128,200,0.8,0.5,0.6,1.0,1141292.204375,185125.43610923222,40666.3209120538,1.036937222990673,0.00491807460115524
Standard_GA,rosenbrock,50,128,200,0.8,0.5,0.7,0.5,1141292.204375,185125.43610923222,40692.807162575824,1.1174517449981067,0.004914873510715552
Standard_GA,rosenbrock,50,128,200,0.8,0.5,0.7,0.7,1141292.204375,185125.43610923222,41305.35741711162,1.110639999009436,0.004841986911778804
Standard_GA,rosenbrock,50,128,200,0.8,0.5,0.7,0.8,1141292.204375,185125.43610923222,41061.61067087306,1.1170575349824503,0.004870729538670276
Standard_GA,rosenbrock,50,128,200,0.8,0.5,0.7,0.9,1141292.204375,185125.43610923222,41200.597868442565,1.1099757439806126,0.004854298489517532
Standard_GA,rosenbrock,50,128,200,0.8,0.5,0.7,1.0,1141292.204375,185125.43610923222,40240.23153776864,1.142627541004913,0.0049701503285905346
Standard_GA,rosenbrock,50,128,200,0.8,0.8,0.5,0.5,1141292.204375,185125.43610923222,41203.3176678106,0.8837678740092088,0.0048539780610008165
Standard_GA,rosenbrock,50,128,200,0.8,0.8,0.5,0.7,1141292.204375,185125.43610923222,41338.79866715542,0.8469544720137492,0.004838069959660061
Standard_GA,rosenbrock,50,128,200,0.8,0.8,0.5,0.8,1141292.204375,185125.43610923222,41057.989765082086,0.8792132700036746,0.004871159088506829
Standard_GA,rosenbrock,50,128,200,0.8,0.8,0.5,0.9,1141292.204375,185125.43610923222,41877.10259265416,0.8683716709783766,0.004775879600492772
Standard_GA,rosenbrock,50,128,200,0.8,0.8,0.5,1.0,1141292.204375,185125.43610923222,41327.53760874386,0.8785483630199451,0.004839388252294157
Standard_GA,rosenbrock,50,128,200,0.8,0.8,0.2,0.5,1141292.204375,185125.43610923222,40392.29538150989,1.4812030520115513,0.004951439330470748
Standard_GA,rosenbrock,50,128,200,0.8,0.8,0.2,0.7,1141292.204375,185125.43610923222,40782.588838878124,1.029384587018285,0.004904053560458124
Standard_GA,rosenbrock,50,128,200,0.8,0.8,0.2,0.8,1141292.204375,185125.43610923222,40622.82517045224,1.0303373469796497,0.004923340490495321
Standard_GA,rosenbrock,50,128,200,0.8,0.8,0.2,0.9,1141292.204375,185125.43610923222,40379.60762846605,1.0186327699921094,0.004952995131607168
Standard_GA,rosenbrock,50,128,200,0.8,0.8,0.2,1.0,1141292.204375,185125.43610923222,40333.04976451852,1.0167280829919036,0.004958712548832409
Standard_GA,rosenbrock,50,128,200,0.8,0.8,0.4,0.5,1141292.204375,185125.43610923222,40733.66545576054,1.12725795400911,0.004909943599777762
Standard_GA,rosenbrock,50,128,200,0.8,0.8,0.4,0.7,1141292.204375,185125.43610923222,41412.955808619714,1.0736759249994066,0.004829406549106352
Standard_GA,rosenbrock,50,128,200,0.8,0.8,0.4,0.8,1141292.204375,185125.43610923222,41716.709068196826,1.0666177259990945,0.004794242030766327
Standard_GA,rosenbrock,50,128,200,0.8,0.8,0.4,0.9,1141292.204375,185125.43610923222,41722.07592100098,1.0687521990039386,0.004793625331076328
Standard_GA,rosenbrock,50,128,200,0.8,0.8,0.4,1.0,1141292.204375,185125.43610923222,41030.654437335164,1.0541590740031097,0.004874404338479508
Standard_GA,rosenbrock,50,128,200,0.8,0.8,0.3,0.5,1141292.204375,185125.43610923222,41029.48837540144,1.0614530669990927,0.00487454286951106
Standard_GA,rosenbrock,50,128,200,0.8,0.8,0.3,0.7,1141292.204375,185125.43610923222,40949.57578593508,1.036539899010677,0.0048840554794878695
Standard_GA,rosenbrock,50,128,200,0.8,0.8,0.3,0.8,1141292.204375,185125.43610923222,41895.54225865675,1.0517608779773582,0.00477377757197246
Standard_GA,rosenbrock,50,128,200,0.8,0.8,0.3,0.9,1141292.204375,185125.43610923222,41072.30615686961,1.0550976539961994,0.004869461170164869
Standard_GA,rosenbrock,50,128,200,0.8,0.8,0.3,1.0,1141292.204375,185125.43610923222,42025.56746699984,0.9948458870057948,0.004759007719694636
Standard_GA,rosenbrock,50,128,200,0.8,0.8,0.6,0.5,1141292.204375,185125.43610923222,41313.876887079365,1.0463232139882166,0.004840988429787103
Standard_GA,rosenbrock,50,128,200,0.8,0.8,0.6,0.7,1141292.204375,185125.43610923222,40661.40274102643,1.0511772749887314,0.004918669463368133
Standard_GA,rosenbrock,50,128,200,0.8,0.8,0.6,0.8,1141292.204375,185125.43610923222,40125.70202451566,1.0819880090130027,0.004984336470370181
Standard_GA,rosenbrock,50,128,200,0.8,0.8,0.6,0.9,1141292.204375,185125.43610923222,40367.688687170536,1.0334192349982914,0.004954457550193183
Standard_GA,rosenbrock,50,128,200,0.8,0.8,0.6,1.0,1141292.204375,185125.43610923222,41230.76385042188,1.0607245879946277,0.004850746901647654
Standard_GA,rosenbrock,50,128,200,0.8,0.8,0.7,0.5,1141292.204375,185125.43610923222,40466.078511915395,1.100718062982196,0.004942411208467092
Standard_GA,rosenbrock,50,128,200,0.8,0.8,0.7,0.7,1141292.204375,185125.43610923222,40325.249182030806,1.111953114013886,0.0049596717703389
Standard_GA,rosenbrock,50,128,200,0.8,0.8,0.7,0.8,1141292.204375,185125.43610923222,40608.194961577916,1.087742042989703,0.004925114258076064
Standard_GA,rosenbrock,50,128,200,0.8,0.8,0.7,0.9,1141292.204375,185125.43610923222,41288.93212863707,1.10417021100875,0.004843913118820637
Standard_GA,rosenbrock,50,128,200,0.8,0.8,0.7,1.0,1141292.204375,185125.43610923222,41482.493568309525,1.1065826539997943,0.004821310938568786
Standard_GA,rosenbrock,50,128,200,0.8,1.0,0.5,0.5,1141292.204375,185125.43610923222,40793.48725511468,0.8994483860151377,0.004902743390121031
Standard_GA,rosenbrock,50,128,200,0.8,1.0,0.5,0.7,1141292.204375,185125.43610923222,40699.27657156654,0.8832307560078334,0.004914092260296456
Standard_GA,rosenbrock,50,128,200,0.8,1.0,0.5,0.8,1141292.204375,185125.43610923222,41467.190121187195,1.3525991550122853,0.004823090241116006
Standard_GA,rosenbrock,50,128,200,0.8,1.0,0.5,0.9,1141292.204375,185125.43610923222,41258.210050363385,0.8491423550003674,0.004847520039184019
Standard_GA,rosenbrock,50,128,200,0.8,1.0,0.5,1.0,1141292.204375,185125.43610923222,40998.77248985094,0.870043244009139,0.004878194830089342
Standard_GA,rosenbrock,50,128,200,0.8,1.0,0.2,0.5,1141292.204375,185125.43610923222,39917.819434794466,1.0080324540031143,0.005010293719242327
Standard_GA,rosenbrock,50,128,200,0.8,1.0,0.2,0.7,1141292.204375,185125.43610923222,40869.14889578622,1.0436710730136838,0.004893666871066671
Standard_GA,rosenbrock,50,128,200,0.8,1.0,0.2,0.8,1141292.204375,185125.43610923222,40372.95682219121,1.0504355120065156,0.004953811059240251
Standard_GA,rosenbrock,50,128,200,0.8,1.0,0.2,0.9,1141292.204375,185125.43610923222,40677.53807756715,1.073862507008016,0.004916718401655089
Standard_GA,rosenbrock,50,128,200,0.8,1.0,0.2,1.0,1141292.204375,185125.43610923222,40720.25513925212,1.1015058199991472,0.004911560581240338
Standard_GA,rosenbrock,50,128,200,0.8,1.0,0.4,0.5,1141292.204375,185125.43610923222,40612.09938654833,1.0884279499878176,0.004924640760291368
Standard_GA,rosenbrock,50,128,200,0.8,1.0,0.4,0.7,1141292.204375,185125.43610923222,41007.98034472536,1.097439770004712,0.0048770994893857274
Standard_GA,rosenbrock,50,128,200,0.8,1.0,0.4,0.8,1141292.204375,185125.43610923222,41622.40194348811,1.078579679975519,0.004805104719125665
Standard_GA,rosenbrock,50,128,200,0.8,1.0,0.4,0.9,1141292.204375,185125.43610923222,41791.49525342655,1.0534173689957242,0.004785662699723616
Standard_GA,rosenbrock,50,128,200,0.8,1.0,0.4,1.0,1141292.204375,185125.43610923222,41323.77044317336,1.0855575450113975,0.0048398294215439815
Standard_GA,rosenbrock,50,128,200,0.8,1.0,0.3,0.5,1141292.204375,185125.43610923222,40232.868889987076,1.0366573249921203,0.004971059870149475
Standard_GA,rosenbrock,50,128,200,0.8,1.0,0.3,0.7,1141292.204375,185125.43610923222,41107.005572634385,1.0506390790105797,0.004865350740437861
Standard_GA,rosenbrock,50,128,200,0.8,1.0,0.3,0.8,1141292.204375,185125.43610923222,41023.46607449003,1.0306386809970718,0.0048752584590693
Standard_GA,rosenbrock,50,128,200,0.8,1.0,0.3,0.9,1141292.204375,185125.43610923222,40747.0444066679,1.0507334219873883,0.004908331460901536
Standard_GA,rosenbrock,50,128,200,0.8,1.0,0.3,1.0,1141292.204375,185125.43610923222,40694.72306363258,1.0555303769942839,0.0049146421192563135
Standard_GA,rosenbrock,50,128,200,0.8,1.0,0.6,0.5,1141292.204375,185125.43610923222,40276.38324364197,1.0868797390139662,0.004965689168020617
Standard_GA,rosenbrock,50,128,200,0.8,1.0,0.6,0.7,1141292.204375,185125.43610923222,40136.92622968997,1.0628188390110154,0.004982942611386534
Standard_GA,rosenbrock,50,128,200,0.8,1.0,0.6,0.8,1141292.204375,185125.43610923222,39963.0743522074,1.0560504650056828,0.0050046199708594944
Standard_GA,rosenbrock,50,128,200,0.8,1.0,0.6,0.9,1141292.204375,185125.43610923222,40035.425996288956,1.0380008649954107,0.004995575668872334
Standard_GA,rosenbrock,50,128,200,0.8,1.0,0.6,1.0,1141292.204375,185125.43610923222,39983.20290063329,1.0653578699857462,0.0050021005194867026
Standard_GA,rosenbrock,50,128,200,0.8,1.0,0.7,0.5,1141292.204375,185125.43610923222,39834.43057121433,1.178114654001547,0.005020782201027032
Standard_GA,rosenbrock,50,128,200,0.8,1.0,0.7,0.7,1141292.204375,185125.43610923222,40290.624727347305,1.1523062649939675,0.0049639339512214066
Standard_GA,rosenbrock,50,128,200,0.8,1.0,0.7,0.8,1141292.204375,185125.43610923222,39628.0893533226,1.1511971190047916,0.0050469251297181475
Standard_GA,rosenbrock,50,128,200,0.8,1.0,0.7,0.9,1141292.204375,185125.43610923222,39697.982439799845,1.1465787470224313,0.005038039409264457
Standard_GA,rosenbrock,50,128,200,0.8,1.0,0.7,1.0,1141292.204375,185125.43610923222,40076.29268326758,1.1710850699746516,0.0049904815692570995
Standard_GA,rosenbrock,50,128,200,0.9,0.5,0.5,0.5,1141292.204375,185125.43610923222,40779.36102735355,0.9072686319996137,0.0049044417313416485
Standard_GA,rosenbrock,50,128,200,0.9,0.5,0.5,0.7,1141292.204375,185125.43610923222,41581.33265928028,0.886827791982796,0.004809850651945453
Standard_GA,rosenbrock,50,128,200,0.9,0.5,0.5,0.8,1141292.204375,185125.43610923222,41243.16031690416,0.8865352789871395,0.00484928891150048
Standard_GA,rosenbrock,50,128,200,0.9,0.5,0.5,0.9,1141292.204375,185125.43610923222,41118.282327983754,0.8678773400024511,0.004864016410137993
Standard_GA,rosenbrock,50,128,200,0.9,0.5,0.5,1.0,1141292.204375,185125.43610923222,41192.8392474161,0.872669706994202,0.004855212790716905
Standard_GA,rosenbrock,50,128,200,0.9,0.5,0.2,0.5,1141292.204375,185125.43610923222,39971.09482692892,1.0660153870121576,0.005003615759487729
Standard_GA,rosenbrock,50,128,200,0.9,0.5,0.2,0.7,1141292.204375,185125.43610923222,40143.33152471761,1.0692031669896096,0.00498214752995409
Standard_GA,rosenbrock,50,128,200,0.9,0.5,0.2,0.8,1141292.204375,185125.43610923222,41063.070843086076,1.0651158370019402,0.004870556339155883
Standard_GA,rosenbrock,50,128,200,0.9,0.5,0.2,0.9,1141292.204375,185125.43610923222,40026.3498169829,1.083041701989714,0.004996708441176452
Standard_GA,rosenbrock,50,128,200,0.9,0.5,0.2,1.0,1141292.204375,185125.43610923222,40084.692635768966,1.049658007977996,0.0049894357883022164
Standard_GA,rosenbrock,50,128,200,0.9,0.5,0.4,0.5,1141292.204375,185125.43610923222,40104.79734833787,1.0804908279969823,0.004986934562039096
Standard_GA,rosenbrock,50,128,200,0.9,0.5,0.4,0.7,1141292.204375,185125.43610923222,39856.71328463078,1.0776069329876918,0.0050179752297117375
Standard_GA,rosenbrock,50,128,200,0.9,0.5,0.4,0.8,1141292.204375,185125.43610923222,40548.54575589061,1.0780511559860315,0.004932359379890841
Standard_GA,rosenbrock,50,128,200,0.9,0.5,0.4,0.9,1141292.204375,185125.43610923222,40652.98886610978,1.0836283149837982,0.004919687471410725
Standard_GA,rosenbrock,50,128,200,0.9,0.5,0.4,1.0,1141292.204375,185125.43610923222,40661.64350972263,1.076798047986813,0.004918640338582918
Standard_GA,rosenbrock,50,128,200,0.9,0.5,0.3,0.5,1141292.204375,185125.43610923222,40561.53740156828,1.033169945992995,0.004930779571295716
Standard_GA,rosenbrock,50,128,200,0.9,0.5,0.3,0.7,1141292.204375,185125.43610923222,41111.79320075766,1.0612511720100883,0.004864784151432104
Standard_GA,rosenbrock,50,128,200,0.9,0.5,0.3,0.8,1141292.204375,185125.43610923222,41329.82343871137,1.04987261997303,0.004839120600081515
Standard_GA,rosenbrock,50,128,200,0.9,0.5,0.3,0.9,1141292.204375,185125.43610923222,41051.529099052874,1.059897719998844,0.0048719257087213915
Standard_GA,rosenbrock,50,128,200,0.9,0.5,0.3,1.0,1141292.204375,185125.43610923222,40941.21948899871,1.0368713349744212,0.004885052338358946
Standard_GA,rosenbrock,50,128,200,0.9,0.5,0.6,0.5,1141292.204375,185125.43610923222,40491.88702734252,1.0598440860048868,0.004939261039253324
Standard_GA,rosenbrock,50,128,200,0.9,0.5,0.6,0.7,1141292.204375,185125.43610923222,41152.19411283831,1.061476959992433,0.004860008179675788
Standard_GA,rosenbrock,50,128,200,0.9,0.5,0.6,0.8,1141292.204375,185125.43610923222,40916.26107272535,1.0661567579954863,0.004888032160233706
Standard_GA,rosenbrock,50,128,200,0.9,0.5,0.6,0.9,1141292.204375,185125.43610923222,40251.58593702341,1.0246326329943258,0.004968748319952283
Standard_GA,rosenbrock,50,128,200,0.9,0.5,0.6,1.0,1141292.204375,185125.43610923222,40964.22671785401,1.0736998280044645,0.004882308687956538
Standard_GA,rosenbrock,50,128,200,0.9,0.5,0.7,0.5,1141292.204375,185125.43610923222,40051.95082748769,1.133061494998401,0.00499351456965087
Standard_GA,rosenbrock,50,128,200,0.9,0.5,0.7,0.7,1141292.204375,185125.43610923222,39992.68477477926,1.1509059989766683,0.005000914570409805
Standard_GA,rosenbrock,50,128,200,0.9,0.5,0.7,0.8,1141292.204375,185125.43610923222,40251.55263943743,1.1303347350039985,0.004968752430286259
Standard_GA,rosenbrock,50,128,200,0.9,0.5,0.7,0.9,1141292.204375,185125.43610923222,40442.290715676274,1.123091655987082,0.004945318290847354
Standard_GA,rosenbrock,50,128,200,0.9,0.5,0.7,1.0,1141292.204375,185125.43610923222,40592.51637856077,1.1367489180120174,0.004927016549918335
Standard_GA,rosenbrock,50,128,200,0.9,0.8,0.5,0.5,1141292.204375,185125.43610923222,40957.4591639709,0.8987813539861236,0.004883115410048049
Standard_GA,rosenbrock,50,128,200,0.9,0.8,0.5,0.7,1141292.204375,185125.43610923222,40857.775082499415,0.8941829719988164,0.004895029149192851
Standard_GA,rosenbrock,50,128,200,0.9,0.8,0.5,0.8,1141292.204375,185125.43610923222,40865.23905418485,0.8890072859940119,0.004894135079812258
Standard_GA,rosenbrock,50,128,200,0.9,0.8,0.5,0.9,1141292.204375,185125.43610923222,41105.20079334577,0.8840968290169258,0.004865564360225108
Standard_GA,rosenbrock,50,128,200,0.9,0.8,0.5,1.0,1141292.204375,185125.43610923222,41292.449949626774,0.8857547710067593,0.004843500452116132
Standard_GA,rosenbrock,50,128,200,0.9,0.8,0.2,0.5,1141292.204375,185125.43610923222,40722.72442468806,1.0510177680116612,0.004911262761161197
Standard_GA,rosenbrock,50,128,200,0.9,0.8,0.2,0.7,1141292.204375,185125.43610923222,40349.973879340636,1.055994874011958,0.004956632700632326
Standard_GA,rosenbrock,50,128,200,0.9,0.8,0.2,0.8,1141292.204375,185125.43610923222,41520.413247235265,1.0729044690087903,0.004816907741478645
Standard_GA,rosenbrock,50,128,200,0.9,0.8,0.2,0.9,1141292.204375,185125.43610923222,41782.98405700609,1.0992966269841418,0.004786637539509684
Standard_GA,rosenbrock,50,128,200,0.9,0.8,0.2,1.0,1141292.204375,185125.43610923222,41048.167326190465,1.0718942699895706,0.00487232471088646
Standard_GA,rosenbrock,50,128,200,0.9,0.8,0.4,0.5,1141292.204375,185125.43610923222,41203.57972509581,1.1204872670059558,0.0048539471894036975
Standard_GA,rosenbrock,50,128,200,0.9,0.8,0.4,0.7,1141292.204375,185125.43610923222,40797.391320132236,1.0996318079996854,0.004902274227060843
Standard_GA,rosenbrock,50,128,200,0.9,0.8,0.4,0.8,1141292.204375,185125.43610923222,40899.07965129291,1.0958996300178114,0.0048900855888496155
Standard_GA,rosenbrock,50,128,200,0.9,0.8,0.4,0.9,1141292.204375,185125.43610923222,41350.64624286608,1.0937988729856443,0.004836683780595195
Standard_GA,rosenbrock,50,128,200,0.9,0.8,0.4,1.0,1141292.204375,185125.43610923222,41521.55064402518,1.0251815909869038,0.004816775792278349
Standard_GA,rosenbrock,50,128,200,0.9,0.8,0.3,0.5,1141292.204375,185125.43610923222,40573.84211016175,1.0480804230028298,0.00492928422841942
Standard_GA,rosenbrock,50,128,200,0.9,0.8,0.3,0.7,1141292.204375,185125.43610923222,40219.74225845308,1.0473654679954052,0.004972682289080694
Standard_GA,rosenbrock,50,128,200,0.9,0.8,0.3,0.8,1141292.204375,185125.43610923222,40132.83576651682,1.0485154439811595,0.004983450488361995
Standard_GA,rosenbrock,50,128,200,0.9,0.8,0.3,0.9,1141292.204375,185125.43610923222,40565.49426147796,1.0474694870063104,0.004930298610706814
Standard_GA,rosenbrock,50,128,200,0.9,0.8,0.3,1.0,1141292.204375,185125.43610923222,41276.81973682819,1.0585484140028711,0.004845334530982654
Standard_GA,rosenbrock,50,128,200,0.9,0.8,0.6,0.5,1141292.204375,185125.43610923222,40165.56237381332,1.0481094410060905,0.004979390009248163
Standard_GA,rosenbrock,50,128,200,0.9,0.8,0.6,0.7,1141292.204375,185125.43610923222,40091.46225471675,1.078969080990646,0.004988593300222419
Standard_GA,rosenbrock,50,128,200,0.9,0.8,0.6,0.8,1141292.204375,185125.43610923222,40984.50351717231,1.0546075559977908,0.0048798931995406745
Standard_GA,rosenbrock,50,128,200,0.9,0.8,0.6,0.9,1141292.204375,185125.43610923222,41564.42477375725,1.091728058992885,0.004811807238729671
Standard_GA,rosenbrock,50,128,200,0.9,0.8,0.6,1.0,1141292.204375,185125.43610923222,41650.0130137796,1.082865357020637,0.004801919267920312
Standard_GA,rosenbrock,50,128,200,0.9,0.8,0.7,0.5,1141292.204375,185125.43610923222,40562.43449251602,1.1387844200071413,0.004930670520698186
Standard_GA,rosenbrock,50,128,200,0.9,0.8,0.7,0.7,1141292.204375,185125.43610923222,39817.91206184661,1.0946144799818285,0.005022865078644827
Standard_GA,rosenbrock,50,128,200,0.9,0.8,0.7,0.8,1141292.204375,185125.43610923222,40897.17834040962,1.151861291989917,0.0048903129290556535
Standard_GA,rosenbrock,50,128,200,0.9,0.8,0.7,0.9,1141292.204375,185125.43610923222,40585.2613857849,1.119023681996623,0.004927897299930919
Standard_GA,rosenbrock,50,128,200,0.9,0.8,0.7,1.0,1141292.204375,185125.43610923222,40532.49156072182,1.1363030359789263,0.004934312999248505
Standard_GA,rosenbrock,50,128,200,0.9,1.0,0.5,0.5,1141292.204375,185125.43610923222,40359.041756692925,0.9105615190055687,0.004955519043433014
Standard_GA,rosenbrock,50,128,200,0.9,1.0,0.5,0.7,1141292.204375,185125.43610923222,41182.95026427708,0.9120106269838288,0.004856378640106414
Standard_GA,rosenbrock,50,128,200,0.9,1.0,0.5,0.8,1141292.204375,185125.43610923222,41039.868093219,0.8885986510140356,0.004873310010298155
Standard_GA,rosenbrock,50,128,200,0.9,1.0,0.5,0.9,1141292.204375,185125.43610923222,41088.047919234275,0.8857592980202753,0.004867595569230616
Standard_GA,rosenbrock,50,128,200,0.9,1.0,0.5,1.0,1141292.204375,185125.43610923222,41094.306024299556,0.8951829829893541,0.004866854300489649
Standard_GA,rosenbrock,50,128,200,0.9,1.0,0.2,0.5,1141292.204375,185125.43610923222,40799.88769904515,1.0391576760157477,0.004901974276872351
Standard_GA,rosenbrock,50,128,200,0.9,1.0,0.2,0.7,1141292.204375,185125.43610923222,41434.26284216521,1.0628790510236286,0.0048269230892765335
Standard_GA,rosenbrock,50,128,200,0.9,1.0,0.2,0.8,1141292.204375,185125.43610923222,40808.88840015822,1.0463476230215747,0.0049008931103162465
Standard_GA,rosenbrock,50,128,200,0.9,1.0,0.2,0.9,1141292.204375,185125.43610923222,41721.94199401204,1.0214945799962152,0.004793640718562528
Standard_GA,rosenbrock,50,128,200,0.9,1.0,0.2,1.0,1141292.204375,185125.43610923222,41064.822752975466,1.048331544996472,0.004870348551194183
Standard_GA,rosenbrock,50,128,200,0.9,1.0,0.4,0.5,1141292.204375,185125.43610923222,40615.44940673981,1.0623108879954088,0.0049242345688981
Standard_GA,rosenbrock,50,128,200,0.9,1.0,0.4,0.7,1141292.204375,185125.43610923222,41413.495688269555,1.0661782700044569,0.0048293435914092695
Standard_GA,rosenbrock,50,128,200,0.9,1.0,0.4,0.8,1141292.204375,185125.43610923222,41154.849008401725,1.1189291880000383,0.004859694660990499
Standard_GA,rosenbrock,50,128,200,0.9,1.0,0.4,0.9,1141292.204375,185125.43610923222,40937.511752906874,1.0517703949881252,0.004885494780610316
Standard_GA,rosenbrock,50,128,200,0.9,1.0,0.4,1.0,1141292.204375,185125.43610923222,41137.87401026662,1.1254538540088106,0.004861699949542526
Standard_GA,rosenbrock,50,128,200,0.9,1.0,0.3,0.5,1141292.204375,185125.43610923222,40533.981945403146,1.0584046809817664,0.00493413157062605
Standard_GA,rosenbrock,50,128,200,0.9,1.0,0.3,0.7,1141292.204375,185125.43610923222,40299.52167765227,1.0869876960059628,0.0049628380604553966
Standard_GA,rosenbrock,50,128,200,0.9,1.0,0.3,0.8,1141292.204375,185125.43610923222,40418.0586184915,1.042608081974322,0.00494828318915097
Standard_GA,rosenbrock,50,128,200,0.9,1.0,0.3,0.9,1141292.204375,185125.43610923222,40191.81656356418,1.0417007349897176,0.004976137360790745
Standard_GA,rosenbrock,50,128,200,0.9,1.0,0.3,1.0,1141292.204375,185125.43610923222,40080.531476214936,1.0388824170222506,0.00498995379137341
Standard_GA,rosenbrock,50,128,200,0.9,1.0,0.6,0.5,1141292.204375,185125.43610923222,39850.80044312277,1.0733596700010821,0.005018719769141171
Standard_GA,rosenbrock,50,128,200,0.9,1.0,0.6,0.7,1141292.204375,185125.43610923222,40893.20416920945,1.0609433409990743,0.004890788189950399
Standard_GA,rosenbrock,50,128,200,0.9,1.0,0.6,0.8,1141292.204375,185125.43610923222,39727.89656269799,1.0496113460103516,0.005034245890274178
Standard_GA,rosenbrock,50,128,200,0.9,1.0,0.6,0.9,1141292.204375,185125.43610923222,39641.39397195596,1.0659953279828187,0.00504523125855485
Standard_GA,rosenbrock,50,128,200,0.9,1.0,0.6,1.0,1141292.204375,185125.43610923222,40614.92745956189,1.0599758829921484,0.004924297850811854
Standard_GA,rosenbrock,50,128,200,0.9,1.0,0.7,0.5,1141292.204375,185125.43610923222,40623.80311648377,1.2594717479951214,0.004923221969802398
Standard_GA,rosenbrock,50,128,200,0.9,1.0,0.7,0.7,1141292.204375,185125.43610923222,40897.01666770897,1.1413022469787393,0.004890332261275034
Standard_GA,rosenbrock,50,128,200,0.9,1.0,0.7,0.8,1141292.204375,185125.43610923222,40874.58634612565,1.1372723969980143,0.004893015878042206
Standard_GA,rosenbrock,50,128,200,0.9,1.0,0.7,0.9,1141292.204375,185125.43610923222,41002.90338316089,1.135951025004033,0.004877703369711526
Standard_GA,rosenbrock,50,128,200,0.9,1.0,0.7,1.0,1141292.204375,185125.43610923222,41281.28335775323,1.14509803900728,0.004844810619542841
Standard_GA,rosenbrock,50,128,200,1.0,0.5,0.5,0.5,1141292.204375,185125.43610923222,41410.38812823274,0.9091722379962448,0.004829705999873113
Standard_GA,rosenbrock,50,128,200,1.0,0.5,0.5,0.7,1141292.204375,185125.43610923222,41215.854861938205,0.8969418740016408,0.00485250155965332
Standard_GA,rosenbrock,50,128,200,1.0,0.5,0.5,0.8,1141292.204375,185125.43610923222,41766.0188156104,0.8846686600008979,0.004788581858447287
Standard_GA,rosenbrock,50,128,200,1.0,0.5,0.5,0.9,1141292.204375,185125.43610923222,41428.219209291325,0.8902234149863943,0.0048276272506336685
Standard_GA,rosenbrock,50,128,200,1.0,0.5,0.5,1.0,1141292.204375,185125.43610923222,40447.7066024315,0.8992581340135075,0.004944656120205764
Standard_GA,rosenbrock,50,128,200,1.0,0.5,0.2,0.5,1141292.204375,185125.43610923222,39849.51865184765,1.0181614789762534,0.00501888120023068
Standard_GA,rosenbrock,50,128,200,1.0,0.5,0.2,0.7,1141292.204375,185125.43610923222,40541.65450190223,1.0681241209967993,0.004933197780337651
Standard_GA,rosenbrock,50,128,200,1.0,0.5,0.2,0.8,1141292.204375,185125.43610923222,41582.02628932051,1.0488590899913106,0.004809770418796688
Standard_GA,rosenbrock,50,128,200,1.0,0.5,0.2,0.9,1141292.204375,185125.43610923222,40935.41002514862,1.0410369129967876,0.004885745614301413
Standard_GA,rosenbrock,50,128,200,1.0,0.5,0.2,1.0,1141292.204375,185125.43610923222,40569.80304268701,1.0511443879804574,0.004929774980410002
Standard_GA,rosenbrock,50,128,200,1.0,0.5,0.4,0.5,1141292.204375,185125.43610923222,40827.52802888963,1.0910916329885367,0.00489865562907653
Standard_GA,rosenbrock,50,128,200,1.0,0.5,0.4,0.7,1141292.204375,185125.43610923222,40805.97749449728,1.1068173260136973,0.004901242716878187
Standard_GA,rosenbrock,50,128,200,1.0,0.5,0.4,0.8,1141292.204375,185125.43610923222,41491.8126450947,1.0644511560094543,0.004820228070311714
Standard_GA,rosenbrock,50,128,200,1.0,0.5,0.4,0.9,1141292.204375,185125.43610923222,40371.06865520453,1.0863279610057361,0.004954042750468944
Standard_GA,rosenbrock,50,128,200,1.0,0.5,0.4,1.0,1141292.204375,185125.43610923222,40511.41728113265,1.0734045449935365,0.004936879858141765
Standard_GA,rosenbrock,50,128,200,1.0,0.5,0.3,0.5,1141292.204375,185125.43610923222,40925.26323893432,1.1004764550016262,0.004886956959380768
Standard_GA,rosenbrock,50,128,200,1.0,0.5,0.3,0.7,1141292.204375,185125.43610923222,40807.46073982125,1.0670667499944102,0.004901064569421579
Standard_GA,rosenbrock,50,128,200,1.0,0.5,0.3,0.8,1141292.204375,185125.43610923222,40851.687422344374,1.0903643100173213,0.004895758599450346
Standard_GA,rosenbrock,50,128,200,1.0,0.5,0.3,0.9,1141292.204375,185125.43610923222,40697.628411724036,1.0844899940129835,0.004914291269669775
Standard_GA,rosenbrock,50,128,200,1.0,0.5,0.3,1.0,1141292.204375,185125.43610923222,40038.62333768822,1.1941544830042403,0.0049951767400489185
Standard_GA,rosenbrock,50,128,200,1.0,0.5,0.6,0.5,1141292.204375,185125.43610923222,39799.036044972345,1.0603871640050784,0.005025247339508496
Standard_GA,rosenbrock,50,128,200,1.0,0.5,0.6,0.7,1141292.204375,185125.43610923222,39692.23175958733,1.0694189229980111,0.005038769329257775
Standard_GA,rosenbrock,50,128,200,1.0,0.5,0.6,0.8,1141292.204375,185125.43610923222,39893.541038938085,1.0650553310115356,0.005013342881866265
Standard_GA,rosenbrock,50,128,200,1.0,0.5,0.6,0.9,1141292.204375,185125.43610923222,40699.07972761103,1.0660086979914922,0.004914116027648561
Standard_GA,rosenbrock,50,128,200,1.0,0.5,0.6,1.0,1141292.204375,185125.43610923222,40287.448946443,1.0758196690003388,0.0049643252484383995
Standard_GA,rosenbrock,50,128,200,1.0,0.5,0.7,0.5,1141292.204375,185125.43610923222,39866.29855732856,1.1281434620032087,0.005016768730420154
Standard_GA,rosenbrock,50,128,200,1.0,0.5,0.7,0.7,1141292.204375,185125.43610923222,40009.03578815876,1.3061324330046773,0.004998870781564619
Standard_GA,rosenbrock,50,128,200,1.0,0.5,0.7,0.8,1141292.204375,185125.43610923222,40371.039881701414,1.1550209870038088,0.004954046281345654
Standard_GA,rosenbrock,50,128,200,1.0,0.5,0.7,0.9,1141292.204375,185125.43610923222,40140.870133860815,1.141748924012063,0.004982453029369936
Standard_GA,rosenbrock,50,128,200,1.0,0.5,0.7,1.0,1141292.204375,185125.43610923222,40247.26389796784,1.1307005260023288,0.004969281899684574
Standard_GA,rosenbrock,50,128,200,1.0,0.8,0.5,0.5,1141292.204375,185125.43610923222,41707.20173513477,0.9099310110032093,0.004795334898517467
Standard_GA,rosenbrock,50,128,200,1.0,0.8,0.5,0.7,1141292.204375,185125.43610923222,41620.614062568326,0.8789010439941194,0.004805311130185146
Standard_GA,rosenbrock,50,128,200,1.0,0.8,0.5,0.8,1141292.204375,185125.43610923222,41754.34497928629,0.8904216160008218,0.004789920668117702
Standard_GA,rosenbrock,50,128,200,1.0,0.8,0.5,0.9,1141292.204375,185125.43610923222,42109.70924739523,0.8937867000058759,0.0047494984784862025
Standard_GA,rosenbrock,50,128,200,1.0,0.8,0.5,1.0,1141292.204375,185125.43610923222,41975.4320930297,0.9036014179873746,0.004764691869204398
